,capped_normalized_return,eval_episode_return,eval_frame_rate,eval_num_episodes,frame,human_gap,iteration,normalized_return,train_episode_return,train_exploration_epsilon,train_frame_rate,train_num_episodes,environment_name,seed
0,-1,0.0,-1,-1,0,-1,-1,-0.11147478900670849,-1,-1,-1,-1,solaris,2
1,-1,0.0,-1,-1,2000000,-1,-1,-0.11147478900670849,-1,-1,-1,-1,solaris,2
2,-1,638.0,-1,-1,4000000,-1,-1,-0.053947558248575334,-1,-1,-1,-1,solaris,2
3,-1,796.0,-1,-1,6000000,-1,-1,-0.03970100266897496,-1,-1,-1,-1,solaris,2
4,-1,1410.0,-1,-1,8000000,-1,-1,0.015662194330231555,-1,-1,-1,-1,solaris,2
5,-1,1242.0,-1,-1,10000000,-1,-1,0.0005139580177450808,-1,-1,-1,-1,solaris,2
6,-1,1692.0,-1,-1,12000000,-1,-1,0.04108959099761956,-1,-1,-1,-1,solaris,2
7,-1,806.0,-1,-1,14000000,-1,-1,-0.038799321936088864,-1,-1,-1,-1,solaris,2
8,-1,0.0,-1,-1,16000000,-1,-1,-0.11147478900670849,-1,-1,-1,-1,solaris,2
9,-1,758.0,-1,-1,18000000,-1,-1,-0.043127389453942136,-1,-1,-1,-1,solaris,2
10,-1,456.0,-1,-1,20000000,-1,-1,-0.07035814758710235,-1,-1,-1,-1,solaris,2
11,-1,640.0,-1,-1,22000000,-1,-1,-0.053767222101998115,-1,-1,-1,-1,solaris,2
12,-1,1194.0,-1,-1,24000000,-1,-1,-0.003814109500108197,-1,-1,-1,-1,solaris,2
13,-1,0.0,-1,-1,26000000,-1,-1,-0.11147478900670849,-1,-1,-1,-1,solaris,2
14,-1,192.0,-1,-1,28000000,-1,-1,-0.09416251893529537,-1,-1,-1,-1,solaris,2
15,-1,616.0,-1,-1,30000000,-1,-1,-0.055931255860924754,-1,-1,-1,-1,solaris,2
16,-1,300.0,-1,-1,32000000,-1,-1,-0.0844243670201255,-1,-1,-1,-1,solaris,2
17,-1,0.0,-1,-1,34000000,-1,-1,-0.11147478900670849,-1,-1,-1,-1,solaris,2
18,-1,0.0,-1,-1,36000000,-1,-1,-0.11147478900670849,-1,-1,-1,-1,solaris,2
19,-1,16.0,-1,-1,38000000,-1,-1,-0.11003209983409072,-1,-1,-1,-1,solaris,2
20,-1,938.0,-1,-1,40000000,-1,-1,-0.026897136261992347,-1,-1,-1,-1,solaris,2
21,-1,-40.0,-1,-1,0,-1,-1,0.02829779922606864,-1,-1,-1,-1,pitfall,3
22,-1,0.0,-1,-1,2000000,-1,-1,0.034274103180887784,-1,-1,-1,-1,pitfall,3
23,-1,0.0,-1,-1,4000000,-1,-1,0.034274103180887784,-1,-1,-1,-1,pitfall,3
24,-1,-2.0,-1,-1,6000000,-1,-1,0.03397528798314683,-1,-1,-1,-1,pitfall,3
25,-1,-204.2,-1,-1,8000000,-1,-1,0.0037650714915360623,-1,-1,-1,-1,pitfall,3
26,-1,-640.0,-1,-1,10000000,-1,-1,-0.0613467600962185,-1,-1,-1,-1,pitfall,3
27,-1,-4.7,-1,-1,12000000,-1,-1,0.033571887466196534,-1,-1,-1,-1,pitfall,3
28,-1,-15.6,-1,-1,14000000,-1,-1,0.03194334463850832,-1,-1,-1,-1,pitfall,3
29,-1,-30.8,-1,-1,16000000,-1,-1,0.029672349135677043,-1,-1,-1,-1,pitfall,3
30,-1,0.0,-1,-1,18000000,-1,-1,0.034274103180887784,-1,-1,-1,-1,pitfall,3
31,-1,0.0,-1,-1,20000000,-1,-1,0.034274103180887784,-1,-1,-1,-1,pitfall,3
32,-1,-13.3,-1,-1,22000000,-1,-1,0.03228698211591042,-1,-1,-1,-1,pitfall,3
33,-1,-4.6,-1,-1,24000000,-1,-1,0.03358682822608358,-1,-1,-1,-1,pitfall,3
34,-1,0.0,-1,-1,26000000,-1,-1,0.034274103180887784,-1,-1,-1,-1,pitfall,3
35,-1,-9.0,-1,-1,28000000,-1,-1,0.03292943479105347,-1,-1,-1,-1,pitfall,3
36,-1,-25.5,-1,-1,30000000,-1,-1,0.03046420940969058,-1,-1,-1,-1,pitfall,3
37,-1,-40.0,-1,-1,32000000,-1,-1,0.02829779922606864,-1,-1,-1,-1,pitfall,3
38,-1,-3.0,-1,-1,34000000,-1,-1,0.03382588038427635,-1,-1,-1,-1,pitfall,3
39,-1,-10.9,-1,-1,36000000,-1,-1,0.032645560353199564,-1,-1,-1,-1,pitfall,3
40,-1,0.0,-1,-1,38000000,-1,-1,0.034274103180887784,-1,-1,-1,-1,pitfall,3
41,-1,-9.3,-1,-1,40000000,-1,-1,0.03288461251139233,-1,-1,-1,-1,pitfall,3
42,-1,-0.7,-1,-1,42000000,-1,-1,0.03416951786167845,-1,-1,-1,-1,pitfall,3
43,-1,-0.1,-1,-1,44000000,-1,-1,0.03425916242100074,-1,-1,-1,-1,pitfall,3
44,-1,-2.9,-1,-1,46000000,-1,-1,0.0338408211441634,-1,-1,-1,-1,pitfall,3
45,-1,0.0,-1,-1,48000000,-1,-1,0.034274103180887784,-1,-1,-1,-1,pitfall,3
46,-1,-10.5,-1,-1,50000000,-1,-1,0.03270532339274776,-1,-1,-1,-1,pitfall,3
47,-1,-3.6,-1,-1,52000000,-1,-1,0.03373623582495406,-1,-1,-1,-1,pitfall,3
48,-1,0.0,-1,-1,0,-1,-1,0.0,-1,-1,-1,-1,venture,2
49,-1,0.0,-1,-1,2000000,-1,-1,0.0,-1,-1,-1,-1,venture,2
50,-1,50.0,-1,-1,4000000,-1,-1,0.042105263157894736,-1,-1,-1,-1,venture,2
51,-1,0.0,-1,-1,6000000,-1,-1,0.0,-1,-1,-1,-1,venture,2
52,-1,20.0,-1,-1,8000000,-1,-1,0.016842105263157894,-1,-1,-1,-1,venture,2
53,-1,0.0,-1,-1,10000000,-1,-1,0.0,-1,-1,-1,-1,venture,2
54,-1,0.0,-1,-1,12000000,-1,-1,0.0,-1,-1,-1,-1,venture,2
55,-1,0.0,-1,-1,14000000,-1,-1,0.0,-1,-1,-1,-1,venture,2
56,-1,0.0,-1,-1,16000000,-1,-1,0.0,-1,-1,-1,-1,venture,2
57,-1,0.0,-1,-1,18000000,-1,-1,0.0,-1,-1,-1,-1,venture,2
58,-1,0.0,-1,-1,20000000,-1,-1,0.0,-1,-1,-1,-1,venture,2
59,-1,0.0,-1,-1,22000000,-1,-1,0.0,-1,-1,-1,-1,venture,2
60,-1,0.0,-1,-1,24000000,-1,-1,0.0,-1,-1,-1,-1,venture,2
61,-1,0.0,-1,-1,26000000,-1,-1,0.0,-1,-1,-1,-1,venture,2
62,-1,0.0,-1,-1,28000000,-1,-1,0.0,-1,-1,-1,-1,venture,2
63,-1,0.0,-1,-1,30000000,-1,-1,0.0,-1,-1,-1,-1,venture,2
64,-1,0.0,-1,-1,32000000,-1,-1,0.0,-1,-1,-1,-1,venture,2
65,-1,0.0,-1,-1,34000000,-1,-1,0.0,-1,-1,-1,-1,venture,2
66,-1,0.0,-1,-1,36000000,-1,-1,0.0,-1,-1,-1,-1,venture,2
67,-1,0.0,-1,-1,38000000,-1,-1,0.0,-1,-1,-1,-1,venture,2
68,-1,0.0,-1,-1,40000000,-1,-1,0.0,-1,-1,-1,-1,venture,2
69,-1,0.0,-1,-1,42000000,-1,-1,0.0,-1,-1,-1,-1,venture,2
70,-1,0.0,-1,-1,44000000,-1,-1,0.0,-1,-1,-1,-1,venture,2
71,-1,0.0,-1,-1,46000000,-1,-1,0.0,-1,-1,-1,-1,venture,2
72,-1,0.0,-1,-1,48000000,-1,-1,0.0,-1,-1,-1,-1,venture,2
73,-1,0.0,-1,-1,50000000,-1,-1,0.0,-1,-1,-1,-1,venture,2
74,-1,0.0,-1,-1,52000000,-1,-1,0.0,-1,-1,-1,-1,venture,2
75,-1,0.0,-1,-1,54000000,-1,-1,0.0,-1,-1,-1,-1,venture,2
76,-1,0.0,-1,-1,56000000,-1,-1,0.0,-1,-1,-1,-1,venture,2
77,-1,0.0,-1,-1,58000000,-1,-1,0.0,-1,-1,-1,-1,venture,2
78,-1,0.0,-1,-1,60000000,-1,-1,0.0,-1,-1,-1,-1,venture,2
79,-1,0.0,-1,-1,62000000,-1,-1,0.0,-1,-1,-1,-1,venture,2
80,-1,0.0,-1,-1,64000000,-1,-1,0.0,-1,-1,-1,-1,venture,2
81,-1,0.0,-1,-1,66000000,-1,-1,0.0,-1,-1,-1,-1,venture,2
82,-1,0.0,-1,-1,68000000,-1,-1,0.0,-1,-1,-1,-1,venture,2
83,-1,0.0,-1,-1,70000000,-1,-1,0.0,-1,-1,-1,-1,venture,2
84,-1,0.0,-1,-1,72000000,-1,-1,0.0,-1,-1,-1,-1,venture,2
85,-1,0.0,-1,-1,74000000,-1,-1,0.0,-1,-1,-1,-1,venture,2
86,-1,0.0,-1,-1,0,-1,-1,0.0,-1,-1,-1,-1,venture,0
87,-1,0.0,-1,-1,2000000,-1,-1,0.0,-1,-1,-1,-1,venture,0
88,-1,0.0,-1,-1,4000000,-1,-1,0.0,-1,-1,-1,-1,venture,0
89,-1,0.0,-1,-1,6000000,-1,-1,0.0,-1,-1,-1,-1,venture,0
90,-1,0.0,-1,-1,8000000,-1,-1,0.0,-1,-1,-1,-1,venture,0
91,-1,0.0,-1,-1,10000000,-1,-1,0.0,-1,-1,-1,-1,venture,0
92,-1,0.0,-1,-1,12000000,-1,-1,0.0,-1,-1,-1,-1,venture,0
93,-1,0.0,-1,-1,14000000,-1,-1,0.0,-1,-1,-1,-1,venture,0
94,-1,0.0,-1,-1,16000000,-1,-1,0.0,-1,-1,-1,-1,venture,0
95,-1,0.0,-1,-1,18000000,-1,-1,0.0,-1,-1,-1,-1,venture,0
96,-1,0.0,-1,-1,20000000,-1,-1,0.0,-1,-1,-1,-1,venture,0
97,-1,0.0,-1,-1,22000000,-1,-1,0.0,-1,-1,-1,-1,venture,0
98,-1,0.0,-1,-1,24000000,-1,-1,0.0,-1,-1,-1,-1,venture,0
99,-1,0.0,-1,-1,26000000,-1,-1,0.0,-1,-1,-1,-1,venture,0
100,-1,0.0,-1,-1,28000000,-1,-1,0.0,-1,-1,-1,-1,venture,0
101,-1,0.0,-1,-1,30000000,-1,-1,0.0,-1,-1,-1,-1,venture,0
102,-1,0.0,-1,-1,32000000,-1,-1,0.0,-1,-1,-1,-1,venture,0
103,-1,0.0,-1,-1,34000000,-1,-1,0.0,-1,-1,-1,-1,venture,0
104,-1,0.0,-1,-1,36000000,-1,-1,0.0,-1,-1,-1,-1,venture,0
105,-1,0.0,-1,-1,38000000,-1,-1,0.0,-1,-1,-1,-1,venture,0
106,-1,0.0,-1,-1,40000000,-1,-1,0.0,-1,-1,-1,-1,venture,0
107,-1,0.0,-1,-1,42000000,-1,-1,0.0,-1,-1,-1,-1,venture,0
108,-1,0.0,-1,-1,44000000,-1,-1,0.0,-1,-1,-1,-1,venture,0
109,-1,0.0,-1,-1,46000000,-1,-1,0.0,-1,-1,-1,-1,venture,0
110,-1,0.0,-1,-1,48000000,-1,-1,0.0,-1,-1,-1,-1,venture,0
111,-1,0.0,-1,-1,50000000,-1,-1,0.0,-1,-1,-1,-1,venture,0
112,-1,0.0,-1,-1,52000000,-1,-1,0.0,-1,-1,-1,-1,venture,0
113,-1,0.0,-1,-1,54000000,-1,-1,0.0,-1,-1,-1,-1,venture,0
114,-1,0.0,-1,-1,56000000,-1,-1,0.0,-1,-1,-1,-1,venture,0
115,-1,0.0,-1,-1,58000000,-1,-1,0.0,-1,-1,-1,-1,venture,0
116,-1,0.0,-1,-1,60000000,-1,-1,0.0,-1,-1,-1,-1,venture,0
117,-1,0.0,-1,-1,62000000,-1,-1,0.0,-1,-1,-1,-1,venture,0
118,-1,0.0,-1,-1,64000000,-1,-1,0.0,-1,-1,-1,-1,venture,0
119,-1,0.0,-1,-1,66000000,-1,-1,0.0,-1,-1,-1,-1,venture,0
120,-1,0.0,-1,-1,68000000,-1,-1,0.0,-1,-1,-1,-1,venture,0
121,-1,0.0,-1,-1,0,-1,-1,0.0,-1,-1,-1,-1,freeway,4
122,-1,0.0,-1,-1,2000000,-1,-1,0.0,-1,-1,-1,-1,freeway,4
123,-1,0.0,-1,-1,4000000,-1,-1,0.0,-1,-1,-1,-1,freeway,4
124,-1,0.0,-1,-1,6000000,-1,-1,0.0,-1,-1,-1,-1,freeway,4
125,-1,4.0,-1,-1,8000000,-1,-1,0.13513513513513511,-1,-1,-1,-1,freeway,4
126,-1,0.0,-1,-1,10000000,-1,-1,0.0,-1,-1,-1,-1,freeway,4
127,-1,5.6,-1,-1,12000000,-1,-1,0.18918918918918917,-1,-1,-1,-1,freeway,4
128,-1,0.0,-1,-1,14000000,-1,-1,0.0,-1,-1,-1,-1,freeway,4
129,-1,6.0,-1,-1,16000000,-1,-1,0.2027027027027027,-1,-1,-1,-1,freeway,4
130,-1,0.0,-1,-1,18000000,-1,-1,0.0,-1,-1,-1,-1,freeway,4
131,-1,0.0,-1,-1,20000000,-1,-1,0.0,-1,-1,-1,-1,freeway,4
132,-1,0.5,-1,-1,22000000,-1,-1,0.01689189189189189,-1,-1,-1,-1,freeway,4
133,-1,0.0,-1,-1,24000000,-1,-1,0.0,-1,-1,-1,-1,freeway,4
134,-1,1.6,-1,-1,26000000,-1,-1,0.05405405405405406,-1,-1,-1,-1,freeway,4
135,-1,0.0,-1,-1,28000000,-1,-1,0.0,-1,-1,-1,-1,freeway,4
136,-1,0.8,-1,-1,30000000,-1,-1,0.02702702702702703,-1,-1,-1,-1,freeway,4
137,-1,0.0,-1,-1,32000000,-1,-1,0.0,-1,-1,-1,-1,freeway,4
138,-1,0.0,-1,-1,34000000,-1,-1,0.0,-1,-1,-1,-1,freeway,4
139,-1,5.5,-1,-1,36000000,-1,-1,0.1858108108108108,-1,-1,-1,-1,freeway,4
140,-1,0.0,-1,-1,38000000,-1,-1,0.0,-1,-1,-1,-1,freeway,4
141,-1,8.3,-1,-1,40000000,-1,-1,0.28040540540540543,-1,-1,-1,-1,freeway,4
142,-1,0.3,-1,-1,42000000,-1,-1,0.010135135135135134,-1,-1,-1,-1,freeway,4
143,-1,0.0,-1,-1,44000000,-1,-1,0.0,-1,-1,-1,-1,freeway,4
144,-1,0.0,-1,-1,46000000,-1,-1,0.0,-1,-1,-1,-1,freeway,4
145,-1,0.0,-1,-1,48000000,-1,-1,0.0,-1,-1,-1,-1,freeway,4
146,-1,0.0,-1,-1,50000000,-1,-1,0.0,-1,-1,-1,-1,freeway,4
147,-1,0.0,-1,-1,52000000,-1,-1,0.0,-1,-1,-1,-1,freeway,4
148,-1,0.0,-1,-1,54000000,-1,-1,0.0,-1,-1,-1,-1,freeway,4
149,-1,0.0,-1,-1,56000000,-1,-1,0.0,-1,-1,-1,-1,freeway,4
150,-1,0.0,-1,-1,58000000,-1,-1,0.0,-1,-1,-1,-1,freeway,4
151,-1,0.3,-1,-1,60000000,-1,-1,0.010135135135135134,-1,-1,-1,-1,freeway,4
152,-1,0.1,-1,-1,62000000,-1,-1,0.0033783783783783786,-1,-1,-1,-1,freeway,4
153,-1,0.1,-1,-1,64000000,-1,-1,0.0033783783783783786,-1,-1,-1,-1,freeway,4
154,-1,0.0,-1,-1,66000000,-1,-1,0.0,-1,-1,-1,-1,freeway,4
155,-1,0.0,-1,-1,68000000,-1,-1,0.0,-1,-1,-1,-1,freeway,4
156,-1,0.2,-1,-1,70000000,-1,-1,0.006756756756756757,-1,-1,-1,-1,freeway,4
157,-1,125.0,-1,-1,0,-1,-1,-0.002926770545703516,-1,-1,-1,-1,qbert,1
158,-1,125.0,-1,-1,2000000,-1,-1,-0.002926770545703516,-1,-1,-1,-1,qbert,1
159,-1,125.0,-1,-1,4000000,-1,-1,-0.002926770545703516,-1,-1,-1,-1,qbert,1
160,-1,125.0,-1,-1,6000000,-1,-1,-0.002926770545703516,-1,-1,-1,-1,qbert,1
161,-1,125.0,-1,-1,8000000,-1,-1,-0.002926770545703516,-1,-1,-1,-1,qbert,1
162,-1,125.0,-1,-1,10000000,-1,-1,-0.002926770545703516,-1,-1,-1,-1,qbert,1
163,-1,125.0,-1,-1,12000000,-1,-1,-0.002926770545703516,-1,-1,-1,-1,qbert,1
164,-1,125.0,-1,-1,14000000,-1,-1,-0.002926770545703516,-1,-1,-1,-1,qbert,1
165,-1,125.0,-1,-1,16000000,-1,-1,-0.002926770545703516,-1,-1,-1,-1,qbert,1
166,-1,125.0,-1,-1,18000000,-1,-1,-0.002926770545703516,-1,-1,-1,-1,qbert,1
167,-1,125.0,-1,-1,20000000,-1,-1,-0.002926770545703516,-1,-1,-1,-1,qbert,1
168,-1,125.0,-1,-1,22000000,-1,-1,-0.002926770545703516,-1,-1,-1,-1,qbert,1
169,-1,125.0,-1,-1,24000000,-1,-1,-0.002926770545703516,-1,-1,-1,-1,qbert,1
170,-1,125.0,-1,-1,26000000,-1,-1,-0.002926770545703516,-1,-1,-1,-1,qbert,1
171,-1,125.0,-1,-1,28000000,-1,-1,-0.002926770545703516,-1,-1,-1,-1,qbert,1
172,-1,125.0,-1,-1,30000000,-1,-1,-0.002926770545703516,-1,-1,-1,-1,qbert,1
173,-1,125.0,-1,-1,32000000,-1,-1,-0.002926770545703516,-1,-1,-1,-1,qbert,1
174,-1,125.0,-1,-1,34000000,-1,-1,-0.002926770545703516,-1,-1,-1,-1,qbert,1
175,-1,150.0,-1,-1,36000000,-1,-1,-0.001045812611446758,-1,-1,-1,-1,qbert,1
176,-1,142.5,-1,-1,38000000,-1,-1,-0.0016100999917237854,-1,-1,-1,-1,qbert,1
177,-1,150.0,-1,-1,40000000,-1,-1,-0.001045812611446758,-1,-1,-1,-1,qbert,1
178,-1,125.0,-1,-1,42000000,-1,-1,-0.002926770545703516,-1,-1,-1,-1,qbert,1
179,-1,150.0,-1,-1,44000000,-1,-1,-0.001045812611446758,-1,-1,-1,-1,qbert,1
180,-1,150.0,-1,-1,46000000,-1,-1,-0.001045812611446758,-1,-1,-1,-1,qbert,1
181,-1,150.0,-1,-1,48000000,-1,-1,-0.001045812611446758,-1,-1,-1,-1,qbert,1
182,-1,150.0,-1,-1,50000000,-1,-1,-0.001045812611446758,-1,-1,-1,-1,qbert,1
183,-1,125.0,-1,-1,52000000,-1,-1,-0.002926770545703516,-1,-1,-1,-1,qbert,1
184,-1,150.0,-1,-1,54000000,-1,-1,-0.001045812611446758,-1,-1,-1,-1,qbert,1
185,-1,150.0,-1,-1,56000000,-1,-1,-0.001045812611446758,-1,-1,-1,-1,qbert,1
186,-1,150.0,-1,-1,58000000,-1,-1,-0.001045812611446758,-1,-1,-1,-1,qbert,1
187,-1,150.0,-1,-1,60000000,-1,-1,-0.001045812611446758,-1,-1,-1,-1,qbert,1
188,-1,150.0,-1,-1,62000000,-1,-1,-0.001045812611446758,-1,-1,-1,-1,qbert,1
189,-1,150.0,-1,-1,64000000,-1,-1,-0.001045812611446758,-1,-1,-1,-1,qbert,1
190,-1,150.0,-1,-1,66000000,-1,-1,-0.001045812611446758,-1,-1,-1,-1,qbert,1
191,-1,150.0,-1,-1,68000000,-1,-1,-0.001045812611446758,-1,-1,-1,-1,qbert,1
192,-1,150.0,-1,-1,70000000,-1,-1,-0.001045812611446758,-1,-1,-1,-1,qbert,1
193,-1,150.0,-1,-1,72000000,-1,-1,-0.001045812611446758,-1,-1,-1,-1,qbert,1
194,-1,150.0,-1,-1,74000000,-1,-1,-0.001045812611446758,-1,-1,-1,-1,qbert,1
195,-1,150.0,-1,-1,76000000,-1,-1,-0.001045812611446758,-1,-1,-1,-1,qbert,1
196,-1,150.0,-1,-1,78000000,-1,-1,-0.001045812611446758,-1,-1,-1,-1,qbert,1
197,-1,150.0,-1,-1,80000000,-1,-1,-0.001045812611446758,-1,-1,-1,-1,qbert,1
198,-1,150.0,-1,-1,82000000,-1,-1,-0.001045812611446758,-1,-1,-1,-1,qbert,1
199,-1,-18.1,-1,-1,0,-1,-1,0.03156982564133212,-1,-1,-1,-1,pitfall,0
200,-1,-8.3,-1,-1,2000000,-1,-1,0.03303402011026281,-1,-1,-1,-1,pitfall,0
201,-1,-26.4,-1,-1,4000000,-1,-1,0.030329742570707148,-1,-1,-1,-1,pitfall,0
202,-1,-0.6,-1,-1,6000000,-1,-1,0.034184458621565494,-1,-1,-1,-1,pitfall,0
203,-1,-2.4,-1,-1,8000000,-1,-1,0.03391552494359863,-1,-1,-1,-1,pitfall,0
204,-1,-3.0,-1,-1,10000000,-1,-1,0.03382588038427635,-1,-1,-1,-1,pitfall,0
205,-1,0.0,-1,-1,12000000,-1,-1,0.034274103180887784,-1,-1,-1,-1,pitfall,0
206,-1,-9.8,-1,-1,14000000,-1,-1,0.03280990871195709,-1,-1,-1,-1,pitfall,0
207,-1,0.0,-1,-1,16000000,-1,-1,0.034274103180887784,-1,-1,-1,-1,pitfall,0
208,-1,-12.5,-1,-1,18000000,-1,-1,0.0324065081950068,-1,-1,-1,-1,pitfall,0
209,-1,0.0,-1,-1,20000000,-1,-1,0.034274103180887784,-1,-1,-1,-1,pitfall,0
210,-1,-45.9,-1,-1,22000000,-1,-1,0.027416294392732816,-1,-1,-1,-1,pitfall,0
211,-1,-45.7,-1,-1,24000000,-1,-1,0.02744617591250691,-1,-1,-1,-1,pitfall,0
212,-1,-3.0,-1,-1,26000000,-1,-1,0.03382588038427635,-1,-1,-1,-1,pitfall,0
213,-1,-9.1,-1,-1,28000000,-1,-1,0.032914494031166426,-1,-1,-1,-1,pitfall,0
214,-1,-9.7,-1,-1,30000000,-1,-1,0.03282484947184414,-1,-1,-1,-1,pitfall,0
215,-1,-7.5,-1,-1,32000000,-1,-1,0.033153546189359194,-1,-1,-1,-1,pitfall,0
216,-1,-5.7,-1,-1,34000000,-1,-1,0.033422479867326056,-1,-1,-1,-1,pitfall,0
217,-1,-33.7,-1,-1,36000000,-1,-1,0.029239067098952652,-1,-1,-1,-1,pitfall,0
218,-1,-410.0,-1,-1,38000000,-1,-1,-0.026983012356008428,-1,-1,-1,-1,pitfall,0
219,-1,-22.4,-1,-1,40000000,-1,-1,0.030927372966189064,-1,-1,-1,-1,pitfall,0
220,-1,0.0,-1,-1,42000000,-1,-1,0.034274103180887784,-1,-1,-1,-1,pitfall,0
221,-1,-0.7,-1,-1,44000000,-1,-1,0.03416951786167845,-1,-1,-1,-1,pitfall,0
222,-1,0.0,-1,-1,46000000,-1,-1,0.034274103180887784,-1,-1,-1,-1,pitfall,0
223,-1,0.0,-1,-1,48000000,-1,-1,0.034274103180887784,-1,-1,-1,-1,pitfall,0
224,-1,-6.3,-1,-1,50000000,-1,-1,0.033332835308003766,-1,-1,-1,-1,pitfall,0
225,-1,-8.7,-1,-1,52000000,-1,-1,0.03297425707071462,-1,-1,-1,-1,pitfall,0
226,-1,-34.1,-1,-1,54000000,-1,-1,0.029179304059404467,-1,-1,-1,-1,pitfall,0
227,-1,-10.9,-1,-1,56000000,-1,-1,0.032645560353199564,-1,-1,-1,-1,pitfall,0
228,-1,-25.4,-1,-1,58000000,-1,-1,0.030479150169577626,-1,-1,-1,-1,pitfall,0
229,-1,-15.1,-1,-1,60000000,-1,-1,0.03201804843794356,-1,-1,-1,-1,pitfall,0
230,-1,-21.5,-1,-1,62000000,-1,-1,0.031061839805172495,-1,-1,-1,-1,pitfall,0
231,-1,-805.0,-1,-1,64000000,-1,-1,-0.08599901390984746,-1,-1,-1,-1,pitfall,0
232,-1,-222.5,-1,-1,66000000,-1,-1,0.001030912432206303,-1,-1,-1,-1,pitfall,0
233,-1,-17.3,-1,-1,68000000,-1,-1,0.031689351720428506,-1,-1,-1,-1,pitfall,0
234,-1,-60.3,-1,-1,70000000,-1,-1,0.02526482496899793,-1,-1,-1,-1,pitfall,0
235,-1,-27.0,-1,-1,72000000,-1,-1,0.030240098011384862,-1,-1,-1,-1,pitfall,0
236,-1,360.0,-1,-1,0,-1,-1,-0.0790142826228089,-1,-1,-1,-1,solaris,4
237,-1,112.0,-1,-1,2000000,-1,-1,-0.10137596479838418,-1,-1,-1,-1,solaris,4
238,-1,72.0,-1,-1,4000000,-1,-1,-0.10498268772992857,-1,-1,-1,-1,solaris,4
239,-1,0.0,-1,-1,6000000,-1,-1,-0.11147478900670849,-1,-1,-1,-1,solaris,4
240,-1,0.0,-1,-1,8000000,-1,-1,-0.11147478900670849,-1,-1,-1,-1,solaris,4
241,-1,0.0,-1,-1,10000000,-1,-1,-0.11147478900670849,-1,-1,-1,-1,solaris,4
242,-1,0.0,-1,-1,12000000,-1,-1,-0.11147478900670849,-1,-1,-1,-1,solaris,4
243,-1,0.0,-1,-1,14000000,-1,-1,-0.11147478900670849,-1,-1,-1,-1,solaris,4
244,-1,536.0,-1,-1,16000000,-1,-1,-0.06314470172401355,-1,-1,-1,-1,solaris,4
245,-1,56.0,-1,-1,18000000,-1,-1,-0.10642537690254633,-1,-1,-1,-1,solaris,4
246,-1,88.0,-1,-1,20000000,-1,-1,-0.1035399985573108,-1,-1,-1,-1,solaris,4
247,-1,1576.0,-1,-1,22000000,-1,-1,0.030630094496140806,-1,-1,-1,-1,solaris,4
248,-1,0.0,-1,-1,24000000,-1,-1,-0.11147478900670849,-1,-1,-1,-1,solaris,4
249,-1,386.0,-1,-1,26000000,-1,-1,-0.07666991271730504,-1,-1,-1,-1,solaris,4
250,-1,1992.0,-1,-1,28000000,-1,-1,0.06814001298420255,-1,-1,-1,-1,solaris,4
251,-1,1658.0,-1,-1,30000000,-1,-1,0.038023876505806825,-1,-1,-1,-1,solaris,4
252,-1,368.0,-1,-1,32000000,-1,-1,-0.07829293803650002,-1,-1,-1,-1,solaris,4
253,-1,1506.0,-1,-1,34000000,-1,-1,0.02431832936593811,-1,-1,-1,-1,solaris,4
254,-1,1382.0,-1,-1,36000000,-1,-1,0.013137488278150474,-1,-1,-1,-1,solaris,4
255,-1,938.0,-1,-1,38000000,-1,-1,-0.026897136261992347,-1,-1,-1,-1,solaris,4
256,-1,16.0,-1,-1,40000000,-1,-1,-0.11003209983409072,-1,-1,-1,-1,solaris,4
257,-1,1712.0,-1,-1,42000000,-1,-1,0.04289295246339176,-1,-1,-1,-1,solaris,4
258,-1,125.0,-1,-1,0,-1,-1,-0.002926770545703516,-1,-1,-1,-1,qbert,0
259,-1,142.5,-1,-1,2000000,-1,-1,-0.0016100999917237854,-1,-1,-1,-1,qbert,0
260,-1,122.5,-1,-1,4000000,-1,-1,-0.003114866339129192,-1,-1,-1,-1,qbert,0
261,-1,117.5,-1,-1,6000000,-1,-1,-0.0034910579259805436,-1,-1,-1,-1,qbert,0
262,-1,150.0,-1,-1,8000000,-1,-1,-0.001045812611446758,-1,-1,-1,-1,qbert,0
263,-1,125.0,-1,-1,10000000,-1,-1,-0.002926770545703516,-1,-1,-1,-1,qbert,0
264,-1,50.0,-1,-1,12000000,-1,-1,-0.008569644348473791,-1,-1,-1,-1,qbert,0
265,-1,0.0,-1,-1,14000000,-1,-1,-0.012331560216987307,-1,-1,-1,-1,qbert,0
266,-1,125.0,-1,-1,16000000,-1,-1,-0.002926770545703516,-1,-1,-1,-1,qbert,0
267,-1,125.0,-1,-1,18000000,-1,-1,-0.002926770545703516,-1,-1,-1,-1,qbert,0
268,-1,125.0,-1,-1,20000000,-1,-1,-0.002926770545703516,-1,-1,-1,-1,qbert,0
269,-1,125.0,-1,-1,22000000,-1,-1,-0.002926770545703516,-1,-1,-1,-1,qbert,0
270,-1,125.0,-1,-1,24000000,-1,-1,-0.002926770545703516,-1,-1,-1,-1,qbert,0
271,-1,125.0,-1,-1,26000000,-1,-1,-0.002926770545703516,-1,-1,-1,-1,qbert,0
272,-1,125.0,-1,-1,28000000,-1,-1,-0.002926770545703516,-1,-1,-1,-1,qbert,0
273,-1,125.0,-1,-1,30000000,-1,-1,-0.002926770545703516,-1,-1,-1,-1,qbert,0
274,-1,125.0,-1,-1,32000000,-1,-1,-0.002926770545703516,-1,-1,-1,-1,qbert,0
275,-1,140.0,-1,-1,34000000,-1,-1,-0.0017981957851494613,-1,-1,-1,-1,qbert,0
276,-1,150.0,-1,-1,36000000,-1,-1,-0.001045812611446758,-1,-1,-1,-1,qbert,0
277,-1,125.0,-1,-1,38000000,-1,-1,-0.002926770545703516,-1,-1,-1,-1,qbert,0
278,-1,125.0,-1,-1,40000000,-1,-1,-0.002926770545703516,-1,-1,-1,-1,qbert,0
279,-1,125.0,-1,-1,42000000,-1,-1,-0.002926770545703516,-1,-1,-1,-1,qbert,0
280,-1,142.5,-1,-1,44000000,-1,-1,-0.0016100999917237854,-1,-1,-1,-1,qbert,0
281,-1,125.0,-1,-1,46000000,-1,-1,-0.002926770545703516,-1,-1,-1,-1,qbert,0
282,-1,150.0,-1,-1,48000000,-1,-1,-0.001045812611446758,-1,-1,-1,-1,qbert,0
283,-1,150.0,-1,-1,50000000,-1,-1,-0.001045812611446758,-1,-1,-1,-1,qbert,0
284,-1,150.0,-1,-1,52000000,-1,-1,-0.001045812611446758,-1,-1,-1,-1,qbert,0
285,-1,150.0,-1,-1,54000000,-1,-1,-0.001045812611446758,-1,-1,-1,-1,qbert,0
286,-1,135.0,-1,-1,56000000,-1,-1,-0.002174387372000813,-1,-1,-1,-1,qbert,0
287,-1,137.5,-1,-1,58000000,-1,-1,-0.0019862915785751373,-1,-1,-1,-1,qbert,0
288,-1,150.0,-1,-1,60000000,-1,-1,-0.001045812611446758,-1,-1,-1,-1,qbert,0
289,-1,150.0,-1,-1,62000000,-1,-1,-0.001045812611446758,-1,-1,-1,-1,qbert,0
290,-1,150.0,-1,-1,64000000,-1,-1,-0.001045812611446758,-1,-1,-1,-1,qbert,0
291,-1,150.0,-1,-1,66000000,-1,-1,-0.001045812611446758,-1,-1,-1,-1,qbert,0
292,-1,150.0,-1,-1,68000000,-1,-1,-0.001045812611446758,-1,-1,-1,-1,qbert,0
293,-1,150.0,-1,-1,70000000,-1,-1,-0.001045812611446758,-1,-1,-1,-1,qbert,0
294,-1,150.0,-1,-1,72000000,-1,-1,-0.001045812611446758,-1,-1,-1,-1,qbert,0
295,-1,150.0,-1,-1,74000000,-1,-1,-0.001045812611446758,-1,-1,-1,-1,qbert,0
296,-1,150.0,-1,-1,76000000,-1,-1,-0.001045812611446758,-1,-1,-1,-1,qbert,0
297,-1,150.0,-1,-1,78000000,-1,-1,-0.001045812611446758,-1,-1,-1,-1,qbert,0
298,-1,125.0,-1,-1,80000000,-1,-1,-0.002926770545703516,-1,-1,-1,-1,qbert,0
299,-1,-620.0,-1,-1,0,-1,-1,-0.058358608118808934,-1,-1,-1,-1,pitfall,1
300,-1,-7.3,-1,-1,2000000,-1,-1,0.03318342770913329,-1,-1,-1,-1,pitfall,1
301,-1,0.0,-1,-1,4000000,-1,-1,0.034274103180887784,-1,-1,-1,-1,pitfall,1
302,-1,-2.3,-1,-1,6000000,-1,-1,0.03393046570348568,-1,-1,-1,-1,pitfall,1
303,-1,-23.9,-1,-1,8000000,-1,-1,0.030703261567883344,-1,-1,-1,-1,pitfall,1
304,-1,-4.7,-1,-1,10000000,-1,-1,0.033571887466196534,-1,-1,-1,-1,pitfall,1
305,-1,0.0,-1,-1,12000000,-1,-1,0.034274103180887784,-1,-1,-1,-1,pitfall,1
306,-1,0.0,-1,-1,14000000,-1,-1,0.034274103180887784,-1,-1,-1,-1,pitfall,1
307,-1,-417.3,-1,-1,16000000,-1,-1,-0.028073687827762924,-1,-1,-1,-1,pitfall,1
308,-1,-2000.0,-1,-1,18000000,-1,-1,-0.26454109456006936,-1,-1,-1,-1,pitfall,1
309,-1,-13.6,-1,-1,20000000,-1,-1,0.03224215983624928,-1,-1,-1,-1,pitfall,1
310,-1,-23.3,-1,-1,22000000,-1,-1,0.03079290612720563,-1,-1,-1,-1,pitfall,1
311,-1,-50.0,-1,-1,24000000,-1,-1,0.026803723237363856,-1,-1,-1,-1,pitfall,1
312,-1,-62.1,-1,-1,26000000,-1,-1,0.024995891291031067,-1,-1,-1,-1,pitfall,1
313,-1,-40.0,-1,-1,28000000,-1,-1,0.02829779922606864,-1,-1,-1,-1,pitfall,1
314,-1,0.0,-1,-1,30000000,-1,-1,0.034274103180887784,-1,-1,-1,-1,pitfall,1
315,-1,0.0,-1,-1,32000000,-1,-1,0.034274103180887784,-1,-1,-1,-1,pitfall,1
316,-1,0.0,-1,-1,34000000,-1,-1,0.034274103180887784,-1,-1,-1,-1,pitfall,1
317,-1,-12.1,-1,-1,36000000,-1,-1,0.03246627123455499,-1,-1,-1,-1,pitfall,1
318,-1,-4.6,-1,-1,38000000,-1,-1,0.03358682822608358,-1,-1,-1,-1,pitfall,1
319,-1,0.0,-1,-1,40000000,-1,-1,0.034274103180887784,-1,-1,-1,-1,pitfall,1
320,-1,-303.3,-1,-1,42000000,-1,-1,-0.011041221556528367,-1,-1,-1,-1,pitfall,1
321,-1,0.0,-1,-1,44000000,-1,-1,0.034274103180887784,-1,-1,-1,-1,pitfall,1
322,-1,-96.0,-1,-1,46000000,-1,-1,0.01993097368932184,-1,-1,-1,-1,pitfall,1
323,-1,-224.5,-1,-1,48000000,-1,-1,0.0007320972344653458,-1,-1,-1,-1,pitfall,1
324,-1,0.0,-1,-1,0,-1,-1,-0.05442990183740246,-1,-1,-1,-1,gravitar,2
325,-1,0.0,-1,-1,2000000,-1,-1,-0.05442990183740246,-1,-1,-1,-1,gravitar,2
326,-1,0.0,-1,-1,4000000,-1,-1,-0.05442990183740246,-1,-1,-1,-1,gravitar,2
327,-1,0.0,-1,-1,6000000,-1,-1,-0.05442990183740246,-1,-1,-1,-1,gravitar,2
328,-1,0.0,-1,-1,8000000,-1,-1,-0.05442990183740246,-1,-1,-1,-1,gravitar,2
329,-1,0.0,-1,-1,10000000,-1,-1,-0.05442990183740246,-1,-1,-1,-1,gravitar,2
330,-1,0.0,-1,-1,12000000,-1,-1,-0.05442990183740246,-1,-1,-1,-1,gravitar,2
331,-1,0.0,-1,-1,14000000,-1,-1,-0.05442990183740246,-1,-1,-1,-1,gravitar,2
332,-1,0.0,-1,-1,16000000,-1,-1,-0.05442990183740246,-1,-1,-1,-1,gravitar,2
333,-1,0.0,-1,-1,18000000,-1,-1,-0.05442990183740246,-1,-1,-1,-1,gravitar,2
334,-1,0.0,-1,-1,20000000,-1,-1,-0.05442990183740246,-1,-1,-1,-1,gravitar,2
335,-1,0.0,-1,-1,22000000,-1,-1,-0.05442990183740246,-1,-1,-1,-1,gravitar,2
336,-1,0.0,-1,-1,24000000,-1,-1,-0.05442990183740246,-1,-1,-1,-1,gravitar,2
337,-1,0.0,-1,-1,26000000,-1,-1,-0.05442990183740246,-1,-1,-1,-1,gravitar,2
338,-1,0.0,-1,-1,28000000,-1,-1,-0.05442990183740246,-1,-1,-1,-1,gravitar,2
339,-1,0.0,-1,-1,30000000,-1,-1,-0.05442990183740246,-1,-1,-1,-1,gravitar,2
340,-1,0.0,-1,-1,32000000,-1,-1,-0.05442990183740246,-1,-1,-1,-1,gravitar,2
341,-1,0.0,-1,-1,34000000,-1,-1,-0.05442990183740246,-1,-1,-1,-1,gravitar,2
342,-1,0.0,-1,-1,36000000,-1,-1,-0.05442990183740246,-1,-1,-1,-1,gravitar,2
343,-1,0.0,-1,-1,38000000,-1,-1,-0.05442990183740246,-1,-1,-1,-1,gravitar,2
344,-1,0.0,-1,-1,40000000,-1,-1,-0.05442990183740246,-1,-1,-1,-1,gravitar,2
345,-1,0.0,-1,-1,42000000,-1,-1,-0.05442990183740246,-1,-1,-1,-1,gravitar,2
346,-1,0.0,-1,-1,44000000,-1,-1,-0.05442990183740246,-1,-1,-1,-1,gravitar,2
347,-1,0.0,-1,-1,46000000,-1,-1,-0.05442990183740246,-1,-1,-1,-1,gravitar,2
348,-1,0.0,-1,-1,48000000,-1,-1,-0.05442990183740246,-1,-1,-1,-1,gravitar,2
349,-1,0.0,-1,-1,50000000,-1,-1,-0.05442990183740246,-1,-1,-1,-1,gravitar,2
350,-1,0.0,-1,-1,52000000,-1,-1,-0.05442990183740246,-1,-1,-1,-1,gravitar,2
351,-1,0.0,-1,-1,54000000,-1,-1,-0.05442990183740246,-1,-1,-1,-1,gravitar,2
352,-1,0.0,-1,-1,56000000,-1,-1,-0.05442990183740246,-1,-1,-1,-1,gravitar,2
353,-1,10.0,-1,-1,58000000,-1,-1,-0.05128366473697458,-1,-1,-1,-1,gravitar,2
354,-1,45.0,-1,-1,60000000,-1,-1,-0.04027183488547697,-1,-1,-1,-1,gravitar,2
355,-1,220.0,-1,-1,62000000,-1,-1,0.014787314372011074,-1,-1,-1,-1,gravitar,2
356,-1,225.0,-1,-1,64000000,-1,-1,0.01636043292222502,-1,-1,-1,-1,gravitar,2
357,-1,0.0,-1,-1,66000000,-1,-1,-0.05442990183740246,-1,-1,-1,-1,gravitar,2
358,-1,10.0,-1,-1,68000000,-1,-1,-0.05128366473697458,-1,-1,-1,-1,gravitar,2
359,-1,55.0,-1,-1,70000000,-1,-1,-0.03712559778504908,-1,-1,-1,-1,gravitar,2
360,-1,225.0,-1,-1,72000000,-1,-1,0.01636043292222502,-1,-1,-1,-1,gravitar,2
361,-1,0.0,-1,-1,74000000,-1,-1,-0.05442990183740246,-1,-1,-1,-1,gravitar,2
362,-1,0.0,-1,-1,0,-1,-1,-0.03446378114995604,-1,-1,-1,-1,hero,3
363,-1,0.0,-1,-1,2000000,-1,-1,-0.03446378114995604,-1,-1,-1,-1,hero,3
364,-1,0.0,-1,-1,4000000,-1,-1,-0.03446378114995604,-1,-1,-1,-1,hero,3
365,-1,0.0,-1,-1,6000000,-1,-1,-0.03446378114995604,-1,-1,-1,-1,hero,3
366,-1,0.0,-1,-1,8000000,-1,-1,-0.03446378114995604,-1,-1,-1,-1,hero,3
367,-1,0.0,-1,-1,10000000,-1,-1,-0.03446378114995604,-1,-1,-1,-1,hero,3
368,-1,0.0,-1,-1,12000000,-1,-1,-0.03446378114995604,-1,-1,-1,-1,hero,3
369,-1,0.0,-1,-1,14000000,-1,-1,-0.03446378114995604,-1,-1,-1,-1,hero,3
370,-1,0.0,-1,-1,16000000,-1,-1,-0.03446378114995604,-1,-1,-1,-1,hero,3
371,-1,0.0,-1,-1,18000000,-1,-1,-0.03446378114995604,-1,-1,-1,-1,hero,3
372,-1,0.0,-1,-1,20000000,-1,-1,-0.03446378114995604,-1,-1,-1,-1,hero,3
373,-1,0.0,-1,-1,22000000,-1,-1,-0.03446378114995604,-1,-1,-1,-1,hero,3
374,-1,0.0,-1,-1,24000000,-1,-1,-0.03446378114995604,-1,-1,-1,-1,hero,3
375,-1,0.0,-1,-1,26000000,-1,-1,-0.03446378114995604,-1,-1,-1,-1,hero,3
376,-1,0.0,-1,-1,28000000,-1,-1,-0.03446378114995604,-1,-1,-1,-1,hero,3
377,-1,0.0,-1,-1,30000000,-1,-1,-0.03446378114995604,-1,-1,-1,-1,hero,3
378,-1,0.0,-1,-1,32000000,-1,-1,-0.03446378114995604,-1,-1,-1,-1,hero,3
379,-1,0.0,-1,-1,34000000,-1,-1,-0.03446378114995604,-1,-1,-1,-1,hero,3
380,-1,0.0,-1,-1,36000000,-1,-1,-0.03446378114995604,-1,-1,-1,-1,hero,3
381,-1,0.0,-1,-1,38000000,-1,-1,-0.03446378114995604,-1,-1,-1,-1,hero,3
382,-1,0.0,-1,-1,40000000,-1,-1,-0.03446378114995604,-1,-1,-1,-1,hero,3
383,-1,0.0,-1,-1,42000000,-1,-1,-0.03446378114995604,-1,-1,-1,-1,hero,3
384,-1,0.0,-1,-1,44000000,-1,-1,-0.03446378114995604,-1,-1,-1,-1,hero,3
385,-1,0.0,-1,-1,46000000,-1,-1,-0.03446378114995604,-1,-1,-1,-1,hero,3
386,-1,0.0,-1,-1,48000000,-1,-1,-0.03446378114995604,-1,-1,-1,-1,hero,3
387,-1,0.0,-1,-1,50000000,-1,-1,-0.03446378114995604,-1,-1,-1,-1,hero,3
388,-1,0.0,-1,-1,52000000,-1,-1,-0.03446378114995604,-1,-1,-1,-1,hero,3
389,-1,0.0,-1,-1,54000000,-1,-1,-0.03446378114995604,-1,-1,-1,-1,hero,3
390,-1,0.0,-1,-1,56000000,-1,-1,-0.03446378114995604,-1,-1,-1,-1,hero,3
391,-1,0.0,-1,-1,58000000,-1,-1,-0.03446378114995604,-1,-1,-1,-1,hero,3
392,-1,8.1,-1,-1,0,-1,-1,0.27364864864864863,-1,-1,-1,-1,freeway,3
393,-1,0.1,-1,-1,2000000,-1,-1,0.0033783783783783786,-1,-1,-1,-1,freeway,3
394,-1,0.0,-1,-1,4000000,-1,-1,0.0,-1,-1,-1,-1,freeway,3
395,-1,17.4,-1,-1,6000000,-1,-1,0.5878378378378377,-1,-1,-1,-1,freeway,3
396,-1,0.0,-1,-1,8000000,-1,-1,0.0,-1,-1,-1,-1,freeway,3
397,-1,21.2,-1,-1,10000000,-1,-1,0.7162162162162161,-1,-1,-1,-1,freeway,3
398,-1,18.7,-1,-1,12000000,-1,-1,0.6317567567567567,-1,-1,-1,-1,freeway,3
399,-1,0.0,-1,-1,14000000,-1,-1,0.0,-1,-1,-1,-1,freeway,3
400,-1,0.0,-1,-1,16000000,-1,-1,0.0,-1,-1,-1,-1,freeway,3
401,-1,8.4,-1,-1,18000000,-1,-1,0.28378378378378377,-1,-1,-1,-1,freeway,3
402,-1,0.0,-1,-1,20000000,-1,-1,0.0,-1,-1,-1,-1,freeway,3
403,-1,0.1,-1,-1,22000000,-1,-1,0.0033783783783783786,-1,-1,-1,-1,freeway,3
404,-1,14.6,-1,-1,24000000,-1,-1,0.4932432432432432,-1,-1,-1,-1,freeway,3
405,-1,0.0,-1,-1,26000000,-1,-1,0.0,-1,-1,-1,-1,freeway,3
406,-1,0.0,-1,-1,28000000,-1,-1,0.0,-1,-1,-1,-1,freeway,3
407,-1,8.1,-1,-1,30000000,-1,-1,0.27364864864864863,-1,-1,-1,-1,freeway,3
408,-1,0.0,-1,-1,32000000,-1,-1,0.0,-1,-1,-1,-1,freeway,3
409,-1,0.0,-1,-1,34000000,-1,-1,0.0,-1,-1,-1,-1,freeway,3
410,-1,11.7,-1,-1,36000000,-1,-1,0.39527027027027023,-1,-1,-1,-1,freeway,3
411,-1,7.9,-1,-1,38000000,-1,-1,0.2668918918918919,-1,-1,-1,-1,freeway,3
412,-1,0.0,-1,-1,40000000,-1,-1,0.0,-1,-1,-1,-1,freeway,3
413,-1,2.0,-1,-1,42000000,-1,-1,0.06756756756756756,-1,-1,-1,-1,freeway,3
414,-1,0.0,-1,-1,44000000,-1,-1,0.0,-1,-1,-1,-1,freeway,3
415,-1,0.0,-1,-1,46000000,-1,-1,0.0,-1,-1,-1,-1,freeway,3
416,-1,10.8,-1,-1,48000000,-1,-1,0.36486486486486486,-1,-1,-1,-1,freeway,3
417,-1,4.9,-1,-1,50000000,-1,-1,0.16554054054054054,-1,-1,-1,-1,freeway,3
418,-1,0.0,-1,-1,52000000,-1,-1,0.0,-1,-1,-1,-1,freeway,3
419,-1,13.1,-1,-1,54000000,-1,-1,0.44256756756756754,-1,-1,-1,-1,freeway,3
420,-1,21.7,-1,-1,56000000,-1,-1,0.733108108108108,-1,-1,-1,-1,freeway,3
421,-1,0.0,-1,-1,58000000,-1,-1,0.0,-1,-1,-1,-1,freeway,3
422,-1,0.0,-1,-1,60000000,-1,-1,0.0,-1,-1,-1,-1,freeway,3
423,-1,0.0,-1,-1,62000000,-1,-1,0.0,-1,-1,-1,-1,freeway,3
424,-1,0.0,-1,-1,64000000,-1,-1,0.0,-1,-1,-1,-1,freeway,3
425,-1,14.6,-1,-1,66000000,-1,-1,0.4932432432432432,-1,-1,-1,-1,freeway,3
426,-1,0.0,-1,-1,68000000,-1,-1,0.0,-1,-1,-1,-1,freeway,3
427,-1,0.0,-1,-1,70000000,-1,-1,0.0,-1,-1,-1,-1,freeway,3
428,-1,0.0,-1,-1,0,-1,-1,0.0,-1,-1,-1,-1,venture,4
429,-1,0.0,-1,-1,2000000,-1,-1,0.0,-1,-1,-1,-1,venture,4
430,-1,0.0,-1,-1,4000000,-1,-1,0.0,-1,-1,-1,-1,venture,4
431,-1,0.0,-1,-1,6000000,-1,-1,0.0,-1,-1,-1,-1,venture,4
432,-1,0.0,-1,-1,8000000,-1,-1,0.0,-1,-1,-1,-1,venture,4
433,-1,0.0,-1,-1,10000000,-1,-1,0.0,-1,-1,-1,-1,venture,4
434,-1,0.0,-1,-1,12000000,-1,-1,0.0,-1,-1,-1,-1,venture,4
435,-1,0.0,-1,-1,14000000,-1,-1,0.0,-1,-1,-1,-1,venture,4
436,-1,0.0,-1,-1,16000000,-1,-1,0.0,-1,-1,-1,-1,venture,4
437,-1,0.0,-1,-1,18000000,-1,-1,0.0,-1,-1,-1,-1,venture,4
438,-1,0.0,-1,-1,20000000,-1,-1,0.0,-1,-1,-1,-1,venture,4
439,-1,0.0,-1,-1,22000000,-1,-1,0.0,-1,-1,-1,-1,venture,4
440,-1,0.0,-1,-1,24000000,-1,-1,0.0,-1,-1,-1,-1,venture,4
441,-1,0.0,-1,-1,26000000,-1,-1,0.0,-1,-1,-1,-1,venture,4
442,-1,0.0,-1,-1,28000000,-1,-1,0.0,-1,-1,-1,-1,venture,4
443,-1,0.0,-1,-1,30000000,-1,-1,0.0,-1,-1,-1,-1,venture,4
444,-1,0.0,-1,-1,32000000,-1,-1,0.0,-1,-1,-1,-1,venture,4
445,-1,0.0,-1,-1,34000000,-1,-1,0.0,-1,-1,-1,-1,venture,4
446,-1,0.0,-1,-1,36000000,-1,-1,0.0,-1,-1,-1,-1,venture,4
447,-1,0.0,-1,-1,38000000,-1,-1,0.0,-1,-1,-1,-1,venture,4
448,-1,0.0,-1,-1,40000000,-1,-1,0.0,-1,-1,-1,-1,venture,4
449,-1,0.0,-1,-1,42000000,-1,-1,0.0,-1,-1,-1,-1,venture,4
450,-1,0.0,-1,-1,44000000,-1,-1,0.0,-1,-1,-1,-1,venture,4
451,-1,0.0,-1,-1,46000000,-1,-1,0.0,-1,-1,-1,-1,venture,4
452,-1,0.0,-1,-1,48000000,-1,-1,0.0,-1,-1,-1,-1,venture,4
453,-1,0.0,-1,-1,50000000,-1,-1,0.0,-1,-1,-1,-1,venture,4
454,-1,0.0,-1,-1,52000000,-1,-1,0.0,-1,-1,-1,-1,venture,4
455,-1,0.0,-1,-1,54000000,-1,-1,0.0,-1,-1,-1,-1,venture,4
456,-1,0.0,-1,-1,56000000,-1,-1,0.0,-1,-1,-1,-1,venture,4
457,-1,0.0,-1,-1,58000000,-1,-1,0.0,-1,-1,-1,-1,venture,4
458,-1,0.0,-1,-1,60000000,-1,-1,0.0,-1,-1,-1,-1,venture,4
459,-1,0.0,-1,-1,62000000,-1,-1,0.0,-1,-1,-1,-1,venture,4
460,-1,0.0,-1,-1,64000000,-1,-1,0.0,-1,-1,-1,-1,venture,4
461,-1,0.0,-1,-1,66000000,-1,-1,0.0,-1,-1,-1,-1,venture,4
462,-1,0.0,-1,-1,68000000,-1,-1,0.0,-1,-1,-1,-1,venture,4
463,-1,0.0,-1,-1,70000000,-1,-1,0.0,-1,-1,-1,-1,venture,4
464,-1,0.0,-1,-1,72000000,-1,-1,0.0,-1,-1,-1,-1,venture,4
465,-1,0.0,-1,-1,74000000,-1,-1,0.0,-1,-1,-1,-1,venture,4
466,-1,0.0,-1,-1,76000000,-1,-1,0.0,-1,-1,-1,-1,venture,4
467,-1,0.0,-1,-1,78000000,-1,-1,0.0,-1,-1,-1,-1,venture,4
468,-1,0.0,-1,-1,0,-1,-1,0.0,-1,-1,-1,-1,venture,1
469,-1,0.0,-1,-1,2000000,-1,-1,0.0,-1,-1,-1,-1,venture,1
470,-1,0.0,-1,-1,4000000,-1,-1,0.0,-1,-1,-1,-1,venture,1
471,-1,0.0,-1,-1,6000000,-1,-1,0.0,-1,-1,-1,-1,venture,1
472,-1,0.0,-1,-1,8000000,-1,-1,0.0,-1,-1,-1,-1,venture,1
473,-1,0.0,-1,-1,10000000,-1,-1,0.0,-1,-1,-1,-1,venture,1
474,-1,0.0,-1,-1,12000000,-1,-1,0.0,-1,-1,-1,-1,venture,1
475,-1,0.0,-1,-1,14000000,-1,-1,0.0,-1,-1,-1,-1,venture,1
476,-1,0.0,-1,-1,16000000,-1,-1,0.0,-1,-1,-1,-1,venture,1
477,-1,0.0,-1,-1,18000000,-1,-1,0.0,-1,-1,-1,-1,venture,1
478,-1,0.0,-1,-1,20000000,-1,-1,0.0,-1,-1,-1,-1,venture,1
479,-1,0.0,-1,-1,22000000,-1,-1,0.0,-1,-1,-1,-1,venture,1
480,-1,0.0,-1,-1,24000000,-1,-1,0.0,-1,-1,-1,-1,venture,1
481,-1,0.0,-1,-1,26000000,-1,-1,0.0,-1,-1,-1,-1,venture,1
482,-1,0.0,-1,-1,28000000,-1,-1,0.0,-1,-1,-1,-1,venture,1
483,-1,0.0,-1,-1,30000000,-1,-1,0.0,-1,-1,-1,-1,venture,1
484,-1,20.0,-1,-1,32000000,-1,-1,0.016842105263157894,-1,-1,-1,-1,venture,1
485,-1,0.0,-1,-1,34000000,-1,-1,0.0,-1,-1,-1,-1,venture,1
486,-1,0.0,-1,-1,36000000,-1,-1,0.0,-1,-1,-1,-1,venture,1
487,-1,0.0,-1,-1,38000000,-1,-1,0.0,-1,-1,-1,-1,venture,1
488,-1,20.0,-1,-1,40000000,-1,-1,0.016842105263157894,-1,-1,-1,-1,venture,1
489,-1,0.0,-1,-1,42000000,-1,-1,0.0,-1,-1,-1,-1,venture,1
490,-1,0.0,-1,-1,44000000,-1,-1,0.0,-1,-1,-1,-1,venture,1
491,-1,0.0,-1,-1,46000000,-1,-1,0.0,-1,-1,-1,-1,venture,1
492,-1,0.0,-1,-1,48000000,-1,-1,0.0,-1,-1,-1,-1,venture,1
493,-1,0.0,-1,-1,50000000,-1,-1,0.0,-1,-1,-1,-1,venture,1
494,-1,0.0,-1,-1,52000000,-1,-1,0.0,-1,-1,-1,-1,venture,1
495,-1,0.0,-1,-1,54000000,-1,-1,0.0,-1,-1,-1,-1,venture,1
496,-1,60.0,-1,-1,56000000,-1,-1,0.05052631578947368,-1,-1,-1,-1,venture,1
497,-1,0.0,-1,-1,58000000,-1,-1,0.0,-1,-1,-1,-1,venture,1
498,-1,0.0,-1,-1,60000000,-1,-1,0.0,-1,-1,-1,-1,venture,1
499,-1,0.0,-1,-1,62000000,-1,-1,0.0,-1,-1,-1,-1,venture,1
500,-1,40.0,-1,-1,64000000,-1,-1,0.03368421052631579,-1,-1,-1,-1,venture,1
501,-1,0.0,-1,-1,66000000,-1,-1,0.0,-1,-1,-1,-1,venture,1
502,-1,0.0,-1,-1,68000000,-1,-1,0.0,-1,-1,-1,-1,venture,1
503,-1,0.0,-1,-1,70000000,-1,-1,0.0,-1,-1,-1,-1,venture,1
504,-1,0.0,-1,-1,72000000,-1,-1,0.0,-1,-1,-1,-1,venture,1
505,-1,61.0,-1,-1,0,-1,-1,-0.024174263395121673,-1,-1,-1,-1,alien,2
506,-1,166.0,-1,-1,2000000,-1,-1,-0.008956651545674578,-1,-1,-1,-1,alien,2
507,-1,512.0,-1,-1,4000000,-1,-1,0.04118900273917013,-1,-1,-1,-1,alien,2
508,-1,340.0,-1,-1,6000000,-1,-1,0.01626110523340918,-1,-1,-1,-1,alien,2
509,-1,267.0,-1,-1,8000000,-1,-1,0.005681241757126913,-1,-1,-1,-1,alien,2
510,-1,323.0,-1,-1,10000000,-1,-1,0.013797301410165363,-1,-1,-1,-1,alien,2
511,-1,580.0,-1,-1,12000000,-1,-1,0.05104421803214539,-1,-1,-1,-1,alien,2
512,-1,403.0,-1,-1,14000000,-1,-1,0.025391672343077435,-1,-1,-1,-1,alien,2
513,-1,407.0,-1,-1,16000000,-1,-1,0.02597139088972304,-1,-1,-1,-1,alien,2
514,-1,367.0,-1,-1,18000000,-1,-1,0.020174205423267002,-1,-1,-1,-1,alien,2
515,-1,250.0,-1,-1,20000000,-1,-1,0.003217437933883098,-1,-1,-1,-1,alien,2
516,-1,435.0,-1,-1,22000000,-1,-1,0.030029420716242265,-1,-1,-1,-1,alien,2
517,-1,485.0,-1,-1,24000000,-1,-1,0.03727590254931231,-1,-1,-1,-1,alien,2
518,-1,279.0,-1,-1,26000000,-1,-1,0.007420397397063724,-1,-1,-1,-1,alien,2
519,-1,490.0,-1,-1,28000000,-1,-1,0.03800055073261931,-1,-1,-1,-1,alien,2
520,-1,729.0,-1,-1,30000000,-1,-1,0.07263873389469412,-1,-1,-1,-1,alien,2
521,-1,384.0,-1,-1,32000000,-1,-1,0.02263800924651082,-1,-1,-1,-1,alien,2
522,-1,462.0,-1,-1,34000000,-1,-1,0.03394252090610009,-1,-1,-1,-1,alien,2
523,-1,564.0,-1,-1,36000000,-1,-1,0.04872534384556298,-1,-1,-1,-1,alien,2
524,-1,595.0,-1,-1,38000000,-1,-1,0.05321816258206641,-1,-1,-1,-1,alien,2
525,-1,461.0,-1,-1,40000000,-1,-1,0.03379759126943869,-1,-1,-1,-1,alien,2
526,-1,515.0,-1,-1,42000000,-1,-1,0.041623791649154335,-1,-1,-1,-1,alien,2
527,-1,495.0,-1,-1,44000000,-1,-1,0.038725198915926316,-1,-1,-1,-1,alien,2
528,-1,459.0,-1,-1,46000000,-1,-1,0.03350773199611588,-1,-1,-1,-1,alien,2
529,-1,635.0,-1,-1,48000000,-1,-1,0.059015348048522445,-1,-1,-1,-1,alien,2
530,-1,433.0,-1,-1,50000000,-1,-1,0.029739561442919463,-1,-1,-1,-1,alien,2
531,-1,513.0,-1,-1,52000000,-1,-1,0.041333932375831536,-1,-1,-1,-1,alien,2
532,-1,592.0,-1,-1,54000000,-1,-1,0.052783373672082204,-1,-1,-1,-1,alien,2
533,-1,471.0,-1,-1,56000000,-1,-1,0.035246887636052694,-1,-1,-1,-1,alien,2
534,-1,627.0,-1,-1,58000000,-1,-1,0.05785591095523124,-1,-1,-1,-1,alien,2
535,-1,488.0,-1,-1,60000000,-1,-1,0.037710691459296515,-1,-1,-1,-1,alien,2
536,-1,819.0,-1,-1,62000000,-1,-1,0.08568240119422021,-1,-1,-1,-1,alien,2
537,-1,460.0,-1,-1,64000000,-1,-1,0.03365266163277729,-1,-1,-1,-1,alien,2
538,-1,666.0,-1,-1,66000000,-1,-1,0.06350816678502587,-1,-1,-1,-1,alien,2
539,-1,679.0,-1,-1,68000000,-1,-1,0.06539225206162408,-1,-1,-1,-1,alien,2
540,-1,636.0,-1,-1,70000000,-1,-1,0.059160277685183844,-1,-1,-1,-1,alien,2
541,-1,562.0,-1,-1,72000000,-1,-1,0.04843548457224018,-1,-1,-1,-1,alien,2
542,-1,0.0,-1,-1,0,-1,-1,-0.012331560216987307,-1,-1,-1,-1,qbert,2
543,-1,0.0,-1,-1,2000000,-1,-1,-0.012331560216987307,-1,-1,-1,-1,qbert,2
544,-1,0.0,-1,-1,4000000,-1,-1,-0.012331560216987307,-1,-1,-1,-1,qbert,2
545,-1,0.0,-1,-1,6000000,-1,-1,-0.012331560216987307,-1,-1,-1,-1,qbert,2
546,-1,0.0,-1,-1,8000000,-1,-1,-0.012331560216987307,-1,-1,-1,-1,qbert,2
547,-1,0.0,-1,-1,10000000,-1,-1,-0.012331560216987307,-1,-1,-1,-1,qbert,2
548,-1,0.0,-1,-1,12000000,-1,-1,-0.012331560216987307,-1,-1,-1,-1,qbert,2
549,-1,0.0,-1,-1,14000000,-1,-1,-0.012331560216987307,-1,-1,-1,-1,qbert,2
550,-1,0.0,-1,-1,16000000,-1,-1,-0.012331560216987307,-1,-1,-1,-1,qbert,2
551,-1,0.0,-1,-1,18000000,-1,-1,-0.012331560216987307,-1,-1,-1,-1,qbert,2
552,-1,0.0,-1,-1,20000000,-1,-1,-0.012331560216987307,-1,-1,-1,-1,qbert,2
553,-1,0.0,-1,-1,22000000,-1,-1,-0.012331560216987307,-1,-1,-1,-1,qbert,2
554,-1,0.0,-1,-1,24000000,-1,-1,-0.012331560216987307,-1,-1,-1,-1,qbert,2
555,-1,0.0,-1,-1,26000000,-1,-1,-0.012331560216987307,-1,-1,-1,-1,qbert,2
556,-1,0.0,-1,-1,28000000,-1,-1,-0.012331560216987307,-1,-1,-1,-1,qbert,2
557,-1,0.0,-1,-1,30000000,-1,-1,-0.012331560216987307,-1,-1,-1,-1,qbert,2
558,-1,0.0,-1,-1,32000000,-1,-1,-0.012331560216987307,-1,-1,-1,-1,qbert,2
559,-1,0.0,-1,-1,34000000,-1,-1,-0.012331560216987307,-1,-1,-1,-1,qbert,2
560,-1,0.0,-1,-1,36000000,-1,-1,-0.012331560216987307,-1,-1,-1,-1,qbert,2
561,-1,0.0,-1,-1,38000000,-1,-1,-0.012331560216987307,-1,-1,-1,-1,qbert,2
562,-1,0.0,-1,-1,40000000,-1,-1,-0.012331560216987307,-1,-1,-1,-1,qbert,2
563,-1,0.0,-1,-1,42000000,-1,-1,-0.012331560216987307,-1,-1,-1,-1,qbert,2
564,-1,0.0,-1,-1,44000000,-1,-1,-0.012331560216987307,-1,-1,-1,-1,qbert,2
565,-1,0.0,-1,-1,46000000,-1,-1,-0.012331560216987307,-1,-1,-1,-1,qbert,2
566,-1,0.0,-1,-1,48000000,-1,-1,-0.012331560216987307,-1,-1,-1,-1,qbert,2
567,-1,0.0,-1,-1,50000000,-1,-1,-0.012331560216987307,-1,-1,-1,-1,qbert,2
568,-1,0.0,-1,-1,52000000,-1,-1,-0.012331560216987307,-1,-1,-1,-1,qbert,2
569,-1,0.0,-1,-1,54000000,-1,-1,-0.012331560216987307,-1,-1,-1,-1,qbert,2
570,-1,0.0,-1,-1,56000000,-1,-1,-0.012331560216987307,-1,-1,-1,-1,qbert,2
571,-1,0.0,-1,-1,58000000,-1,-1,-0.012331560216987307,-1,-1,-1,-1,qbert,2
572,-1,0.0,-1,-1,60000000,-1,-1,-0.012331560216987307,-1,-1,-1,-1,qbert,2
573,-1,0.0,-1,-1,62000000,-1,-1,-0.012331560216987307,-1,-1,-1,-1,qbert,2
574,-1,0.0,-1,-1,64000000,-1,-1,-0.012331560216987307,-1,-1,-1,-1,qbert,2
575,-1,0.0,-1,-1,66000000,-1,-1,-0.012331560216987307,-1,-1,-1,-1,qbert,2
576,-1,0.0,-1,-1,68000000,-1,-1,-0.012331560216987307,-1,-1,-1,-1,qbert,2
577,-1,0.0,-1,-1,70000000,-1,-1,-0.012331560216987307,-1,-1,-1,-1,qbert,2
578,-1,0.0,-1,-1,72000000,-1,-1,-0.012331560216987307,-1,-1,-1,-1,qbert,2
579,-1,0.0,-1,-1,74000000,-1,-1,-0.012331560216987307,-1,-1,-1,-1,qbert,2
580,-1,0.0,-1,-1,76000000,-1,-1,-0.012331560216987307,-1,-1,-1,-1,qbert,2
581,-1,0.0,-1,-1,78000000,-1,-1,-0.012331560216987307,-1,-1,-1,-1,qbert,2
582,-1,0.0,-1,-1,80000000,-1,-1,-0.012331560216987307,-1,-1,-1,-1,qbert,2
583,-1,0.0,-1,-1,82000000,-1,-1,-0.012331560216987307,-1,-1,-1,-1,qbert,2
584,-1,0.0,-1,-1,84000000,-1,-1,-0.012331560216987307,-1,-1,-1,-1,qbert,2
585,-1,0.0,-1,-1,0,-1,-1,-0.05442990183740246,-1,-1,-1,-1,gravitar,3
586,-1,0.0,-1,-1,2000000,-1,-1,-0.05442990183740246,-1,-1,-1,-1,gravitar,3
587,-1,10.0,-1,-1,4000000,-1,-1,-0.05128366473697458,-1,-1,-1,-1,gravitar,3
588,-1,10.0,-1,-1,6000000,-1,-1,-0.05128366473697458,-1,-1,-1,-1,gravitar,3
589,-1,0.0,-1,-1,8000000,-1,-1,-0.05442990183740246,-1,-1,-1,-1,gravitar,3
590,-1,0.0,-1,-1,10000000,-1,-1,-0.05442990183740246,-1,-1,-1,-1,gravitar,3
591,-1,10.0,-1,-1,12000000,-1,-1,-0.05128366473697458,-1,-1,-1,-1,gravitar,3
592,-1,0.0,-1,-1,14000000,-1,-1,-0.05442990183740246,-1,-1,-1,-1,gravitar,3
593,-1,0.0,-1,-1,16000000,-1,-1,-0.05442990183740246,-1,-1,-1,-1,gravitar,3
594,-1,0.0,-1,-1,18000000,-1,-1,-0.05442990183740246,-1,-1,-1,-1,gravitar,3
595,-1,10.0,-1,-1,20000000,-1,-1,-0.05128366473697458,-1,-1,-1,-1,gravitar,3
596,-1,10.0,-1,-1,22000000,-1,-1,-0.05128366473697458,-1,-1,-1,-1,gravitar,3
597,-1,10.0,-1,-1,24000000,-1,-1,-0.05128366473697458,-1,-1,-1,-1,gravitar,3
598,-1,0.0,-1,-1,26000000,-1,-1,-0.05442990183740246,-1,-1,-1,-1,gravitar,3
599,-1,0.0,-1,-1,28000000,-1,-1,-0.05442990183740246,-1,-1,-1,-1,gravitar,3
600,-1,0.0,-1,-1,30000000,-1,-1,-0.05442990183740246,-1,-1,-1,-1,gravitar,3
601,-1,0.0,-1,-1,32000000,-1,-1,-0.05442990183740246,-1,-1,-1,-1,gravitar,3
602,-1,10.0,-1,-1,34000000,-1,-1,-0.05128366473697458,-1,-1,-1,-1,gravitar,3
603,-1,20.0,-1,-1,36000000,-1,-1,-0.04813742763654669,-1,-1,-1,-1,gravitar,3
604,-1,0.0,-1,-1,38000000,-1,-1,-0.05442990183740246,-1,-1,-1,-1,gravitar,3
605,-1,0.0,-1,-1,40000000,-1,-1,-0.05442990183740246,-1,-1,-1,-1,gravitar,3
606,-1,0.0,-1,-1,42000000,-1,-1,-0.05442990183740246,-1,-1,-1,-1,gravitar,3
607,-1,0.0,-1,-1,44000000,-1,-1,-0.05442990183740246,-1,-1,-1,-1,gravitar,3
608,-1,0.0,-1,-1,46000000,-1,-1,-0.05442990183740246,-1,-1,-1,-1,gravitar,3
609,-1,0.0,-1,-1,48000000,-1,-1,-0.05442990183740246,-1,-1,-1,-1,gravitar,3
610,-1,20.0,-1,-1,50000000,-1,-1,-0.04813742763654669,-1,-1,-1,-1,gravitar,3
611,-1,0.0,-1,-1,52000000,-1,-1,-0.05442990183740246,-1,-1,-1,-1,gravitar,3
612,-1,0.0,-1,-1,54000000,-1,-1,-0.05442990183740246,-1,-1,-1,-1,gravitar,3
613,-1,0.0,-1,-1,56000000,-1,-1,-0.05442990183740246,-1,-1,-1,-1,gravitar,3
614,-1,0.0,-1,-1,58000000,-1,-1,-0.05442990183740246,-1,-1,-1,-1,gravitar,3
615,-1,0.0,-1,-1,60000000,-1,-1,-0.05442990183740246,-1,-1,-1,-1,gravitar,3
616,-1,0.0,-1,-1,62000000,-1,-1,-0.05442990183740246,-1,-1,-1,-1,gravitar,3
617,-1,10.0,-1,-1,64000000,-1,-1,-0.05128366473697458,-1,-1,-1,-1,gravitar,3
618,-1,10.0,-1,-1,66000000,-1,-1,-0.05128366473697458,-1,-1,-1,-1,gravitar,3
619,-1,0.0,-1,-1,68000000,-1,-1,-0.05442990183740246,-1,-1,-1,-1,gravitar,3
620,-1,0.0,-1,-1,70000000,-1,-1,-0.05442990183740246,-1,-1,-1,-1,gravitar,3
621,-1,0.0,-1,-1,72000000,-1,-1,-0.05442990183740246,-1,-1,-1,-1,gravitar,3
622,-1,10.0,-1,-1,74000000,-1,-1,-0.05128366473697458,-1,-1,-1,-1,gravitar,3
623,-1,0.0,-1,-1,0,-1,-1,-0.05442990183740246,-1,-1,-1,-1,gravitar,1
624,-1,0.0,-1,-1,2000000,-1,-1,-0.05442990183740246,-1,-1,-1,-1,gravitar,1
625,-1,0.0,-1,-1,4000000,-1,-1,-0.05442990183740246,-1,-1,-1,-1,gravitar,1
626,-1,0.0,-1,-1,6000000,-1,-1,-0.05442990183740246,-1,-1,-1,-1,gravitar,1
627,-1,0.0,-1,-1,8000000,-1,-1,-0.05442990183740246,-1,-1,-1,-1,gravitar,1
628,-1,0.0,-1,-1,10000000,-1,-1,-0.05442990183740246,-1,-1,-1,-1,gravitar,1
629,-1,0.0,-1,-1,12000000,-1,-1,-0.05442990183740246,-1,-1,-1,-1,gravitar,1
630,-1,0.0,-1,-1,14000000,-1,-1,-0.05442990183740246,-1,-1,-1,-1,gravitar,1
631,-1,0.0,-1,-1,16000000,-1,-1,-0.05442990183740246,-1,-1,-1,-1,gravitar,1
632,-1,0.0,-1,-1,18000000,-1,-1,-0.05442990183740246,-1,-1,-1,-1,gravitar,1
633,-1,0.0,-1,-1,20000000,-1,-1,-0.05442990183740246,-1,-1,-1,-1,gravitar,1
634,-1,0.0,-1,-1,22000000,-1,-1,-0.05442990183740246,-1,-1,-1,-1,gravitar,1
635,-1,0.0,-1,-1,24000000,-1,-1,-0.05442990183740246,-1,-1,-1,-1,gravitar,1
636,-1,0.0,-1,-1,26000000,-1,-1,-0.05442990183740246,-1,-1,-1,-1,gravitar,1
637,-1,0.0,-1,-1,28000000,-1,-1,-0.05442990183740246,-1,-1,-1,-1,gravitar,1
638,-1,0.0,-1,-1,30000000,-1,-1,-0.05442990183740246,-1,-1,-1,-1,gravitar,1
639,-1,0.0,-1,-1,32000000,-1,-1,-0.05442990183740246,-1,-1,-1,-1,gravitar,1
640,-1,0.0,-1,-1,34000000,-1,-1,-0.05442990183740246,-1,-1,-1,-1,gravitar,1
641,-1,0.0,-1,-1,36000000,-1,-1,-0.05442990183740246,-1,-1,-1,-1,gravitar,1
642,-1,0.0,-1,-1,38000000,-1,-1,-0.05442990183740246,-1,-1,-1,-1,gravitar,1
643,-1,0.0,-1,-1,40000000,-1,-1,-0.05442990183740246,-1,-1,-1,-1,gravitar,1
644,-1,0.0,-1,-1,42000000,-1,-1,-0.05442990183740246,-1,-1,-1,-1,gravitar,1
645,-1,0.0,-1,-1,44000000,-1,-1,-0.05442990183740246,-1,-1,-1,-1,gravitar,1
646,-1,0.0,-1,-1,46000000,-1,-1,-0.05442990183740246,-1,-1,-1,-1,gravitar,1
647,-1,0.0,-1,-1,48000000,-1,-1,-0.05442990183740246,-1,-1,-1,-1,gravitar,1
648,-1,0.0,-1,-1,50000000,-1,-1,-0.05442990183740246,-1,-1,-1,-1,gravitar,1
649,-1,0.0,-1,-1,52000000,-1,-1,-0.05442990183740246,-1,-1,-1,-1,gravitar,1
650,-1,0.0,-1,-1,54000000,-1,-1,-0.05442990183740246,-1,-1,-1,-1,gravitar,1
651,-1,0.0,-1,-1,56000000,-1,-1,-0.05442990183740246,-1,-1,-1,-1,gravitar,1
652,-1,0.0,-1,-1,58000000,-1,-1,-0.05442990183740246,-1,-1,-1,-1,gravitar,1
653,-1,0.0,-1,-1,60000000,-1,-1,-0.05442990183740246,-1,-1,-1,-1,gravitar,1
654,-1,0.0,-1,-1,62000000,-1,-1,-0.05442990183740246,-1,-1,-1,-1,gravitar,1
655,-1,0.0,-1,-1,64000000,-1,-1,-0.05442990183740246,-1,-1,-1,-1,gravitar,1
656,-1,0.0,-1,-1,66000000,-1,-1,-0.05442990183740246,-1,-1,-1,-1,gravitar,1
657,-1,0.0,-1,-1,68000000,-1,-1,-0.05442990183740246,-1,-1,-1,-1,gravitar,1
658,-1,0.0,-1,-1,70000000,-1,-1,-0.05442990183740246,-1,-1,-1,-1,gravitar,1
659,-1,10.0,-1,-1,72000000,-1,-1,-0.05128366473697458,-1,-1,-1,-1,gravitar,1
660,-1,0.0,-1,-1,74000000,-1,-1,-0.05442990183740246,-1,-1,-1,-1,gravitar,1
661,-1,30.0,-1,-1,0,-1,-1,-0.10876974680805018,-1,-1,-1,-1,solaris,1
662,-1,608.0,-1,-1,2000000,-1,-1,-0.05665260044723363,-1,-1,-1,-1,solaris,1
663,-1,1178.0,-1,-1,4000000,-1,-1,-0.0052567986727259566,-1,-1,-1,-1,solaris,1
664,-1,172.0,-1,-1,6000000,-1,-1,-0.09596588040106757,-1,-1,-1,-1,solaris,1
665,-1,0.0,-1,-1,8000000,-1,-1,-0.11147478900670849,-1,-1,-1,-1,solaris,1
666,-1,1376.0,-1,-1,10000000,-1,-1,0.012596479838418816,-1,-1,-1,-1,solaris,1
667,-1,1470.0,-1,-1,12000000,-1,-1,0.02107227872754815,-1,-1,-1,-1,solaris,1
668,-1,0.0,-1,-1,14000000,-1,-1,-0.11147478900670849,-1,-1,-1,-1,solaris,1
669,-1,360.0,-1,-1,16000000,-1,-1,-0.0790142826228089,-1,-1,-1,-1,solaris,1
670,-1,1350.0,-1,-1,18000000,-1,-1,0.010252109932914956,-1,-1,-1,-1,solaris,1
671,-1,750.0,-1,-1,20000000,-1,-1,-0.04384873404025102,-1,-1,-1,-1,solaris,1
672,-1,1232.0,-1,-1,22000000,-1,-1,-0.00038772271514101874,-1,-1,-1,-1,solaris,1
673,-1,930.0,-1,-1,24000000,-1,-1,-0.027618480848301225,-1,-1,-1,-1,solaris,1
674,-1,0.0,-1,-1,26000000,-1,-1,-0.11147478900670849,-1,-1,-1,-1,solaris,1
675,-1,0.0,-1,-1,28000000,-1,-1,-0.11147478900670849,-1,-1,-1,-1,solaris,1
676,-1,0.0,-1,-1,30000000,-1,-1,-0.11147478900670849,-1,-1,-1,-1,solaris,1
677,-1,0.0,-1,-1,32000000,-1,-1,-0.11147478900670849,-1,-1,-1,-1,solaris,1
678,-1,0.0,-1,-1,34000000,-1,-1,-0.11147478900670849,-1,-1,-1,-1,solaris,1
679,-1,8.0,-1,-1,36000000,-1,-1,-0.11075344442039961,-1,-1,-1,-1,solaris,1
680,-1,72.0,-1,-1,38000000,-1,-1,-0.10498268772992857,-1,-1,-1,-1,solaris,1
681,-1,876.0,-1,-1,40000000,-1,-1,-0.032487556805886164,-1,-1,-1,-1,solaris,1
682,-1,100.0,-1,-1,0,-1,-1,-0.018522007565327035,-1,-1,-1,-1,alien,3
683,-1,330.0,-1,-1,2000000,-1,-1,0.01481180886679517,-1,-1,-1,-1,alien,3
684,-1,177.0,-1,-1,4000000,-1,-1,-0.007362425542399167,-1,-1,-1,-1,alien,3
685,-1,334.0,-1,-1,6000000,-1,-1,0.015391527413440773,-1,-1,-1,-1,alien,3
686,-1,312.0,-1,-1,8000000,-1,-1,0.012203075406889955,-1,-1,-1,-1,alien,3
687,-1,264.0,-1,-1,10000000,-1,-1,0.0052464528471427106,-1,-1,-1,-1,alien,3
688,-1,427.0,-1,-1,12000000,-1,-1,0.028869983622951057,-1,-1,-1,-1,alien,3
689,-1,313.0,-1,-1,14000000,-1,-1,0.012348005043551356,-1,-1,-1,-1,alien,3
690,-1,328.0,-1,-1,16000000,-1,-1,0.014521949593472368,-1,-1,-1,-1,alien,3
691,-1,370.0,-1,-1,18000000,-1,-1,0.020608994333251206,-1,-1,-1,-1,alien,3
692,-1,330.0,-1,-1,20000000,-1,-1,0.01481180886679517,-1,-1,-1,-1,alien,3
693,-1,411.0,-1,-1,22000000,-1,-1,0.026551109436368642,-1,-1,-1,-1,alien,3
694,-1,399.0,-1,-1,24000000,-1,-1,0.02481195379643183,-1,-1,-1,-1,alien,3
695,-1,387.0,-1,-1,26000000,-1,-1,0.02307279815649502,-1,-1,-1,-1,alien,3
696,-1,395.0,-1,-1,28000000,-1,-1,0.024232235249786228,-1,-1,-1,-1,alien,3
697,-1,474.0,-1,-1,30000000,-1,-1,0.0356816765460369,-1,-1,-1,-1,alien,3
698,-1,357.0,-1,-1,32000000,-1,-1,0.018724909056652993,-1,-1,-1,-1,alien,3
699,-1,491.0,-1,-1,34000000,-1,-1,0.03814548036928071,-1,-1,-1,-1,alien,3
700,-1,471.0,-1,-1,36000000,-1,-1,0.035246887636052694,-1,-1,-1,-1,alien,3
701,-1,552.0,-1,-1,38000000,-1,-1,0.04698618820562617,-1,-1,-1,-1,alien,3
702,-1,523.0,-1,-1,40000000,-1,-1,0.04278322874244554,-1,-1,-1,-1,alien,3
703,-1,889.0,-1,-1,42000000,-1,-1,0.09582747576051828,-1,-1,-1,-1,alien,3
704,-1,803.0,-1,-1,44000000,-1,-1,0.0833635270076378,-1,-1,-1,-1,alien,3
705,-1,815.0,-1,-1,46000000,-1,-1,0.08510268264757462,-1,-1,-1,-1,alien,3
706,-1,670.0,-1,-1,48000000,-1,-1,0.06408788533167148,-1,-1,-1,-1,alien,3
707,-1,817.0,-1,-1,50000000,-1,-1,0.08539254192089742,-1,-1,-1,-1,alien,3
708,-1,707.0,-1,-1,52000000,-1,-1,0.06945028188814331,-1,-1,-1,-1,alien,3
709,-1,570.0,-1,-1,54000000,-1,-1,0.04959492166553139,-1,-1,-1,-1,alien,3
710,-1,815.0,-1,-1,56000000,-1,-1,0.08510268264757462,-1,-1,-1,-1,alien,3
711,-1,590.0,-1,-1,58000000,-1,-1,0.052493514398759406,-1,-1,-1,-1,alien,3
712,-1,557.0,-1,-1,60000000,-1,-1,0.04771083638893318,-1,-1,-1,-1,alien,3
713,-1,761.0,-1,-1,62000000,-1,-1,0.07727648226785896,-1,-1,-1,-1,alien,3
714,-1,900.0,-1,-1,64000000,-1,-1,0.0974217017637937,-1,-1,-1,-1,alien,3
715,-1,812.0,-1,-1,66000000,-1,-1,0.08466789373759041,-1,-1,-1,-1,alien,3
716,-1,498.0,-1,-1,68000000,-1,-1,0.03915998782591052,-1,-1,-1,-1,alien,3
717,-1,902.0,-1,-1,70000000,-1,-1,0.09771156103711649,-1,-1,-1,-1,alien,3
718,-1,811.0,-1,-1,72000000,-1,-1,0.08452296410092901,-1,-1,-1,-1,alien,3
719,-1,0.0,-1,-1,0,-1,-1,-0.03446378114995604,-1,-1,-1,-1,hero,1
720,-1,0.0,-1,-1,2000000,-1,-1,-0.03446378114995604,-1,-1,-1,-1,hero,1
721,-1,0.0,-1,-1,4000000,-1,-1,-0.03446378114995604,-1,-1,-1,-1,hero,1
722,-1,0.0,-1,-1,6000000,-1,-1,-0.03446378114995604,-1,-1,-1,-1,hero,1
723,-1,1687.0,-1,-1,8000000,-1,-1,0.022148096941549157,-1,-1,-1,-1,hero,1
724,-1,0.0,-1,-1,10000000,-1,-1,-0.03446378114995604,-1,-1,-1,-1,hero,1
725,-1,0.0,-1,-1,12000000,-1,-1,-0.03446378114995604,-1,-1,-1,-1,hero,1
726,-1,0.0,-1,-1,14000000,-1,-1,-0.03446378114995604,-1,-1,-1,-1,hero,1
727,-1,0.0,-1,-1,16000000,-1,-1,-0.03446378114995604,-1,-1,-1,-1,hero,1
728,-1,0.0,-1,-1,18000000,-1,-1,-0.03446378114995604,-1,-1,-1,-1,hero,1
729,-1,0.0,-1,-1,20000000,-1,-1,-0.03446378114995604,-1,-1,-1,-1,hero,1
730,-1,1436.0,-1,-1,22000000,-1,-1,0.013725108559232736,-1,-1,-1,-1,hero,1
731,-1,0.0,-1,-1,24000000,-1,-1,-0.03446378114995604,-1,-1,-1,-1,hero,1
732,-1,0.0,-1,-1,26000000,-1,-1,-0.03446378114995604,-1,-1,-1,-1,hero,1
733,-1,1468.0,-1,-1,28000000,-1,-1,0.014798955683671483,-1,-1,-1,-1,hero,1
734,-1,2562.0,-1,-1,30000000,-1,-1,0.051511104250421144,-1,-1,-1,-1,hero,1
735,-1,2200.0,-1,-1,32000000,-1,-1,0.03936320865520782,-1,-1,-1,-1,hero,1
736,-1,2338.0,-1,-1,34000000,-1,-1,0.04399417437934992,-1,-1,-1,-1,hero,1
737,-1,0.0,-1,-1,36000000,-1,-1,-0.03446378114995604,-1,-1,-1,-1,hero,1
738,-1,2000.0,-1,-1,38000000,-1,-1,0.03265166412746565,-1,-1,-1,-1,hero,1
739,-1,2780.0,-1,-1,40000000,-1,-1,0.05882668778566011,-1,-1,-1,-1,hero,1
740,-1,2717.0,-1,-1,42000000,-1,-1,0.056712551259421325,-1,-1,-1,-1,hero,1
741,-1,615.0,-1,-1,44000000,-1,-1,-0.013825781727148868,-1,-1,-1,-1,hero,1
742,-1,2286.0,-1,-1,46000000,-1,-1,0.042249172802136956,-1,-1,-1,-1,hero,1
743,-1,2720.0,-1,-1,48000000,-1,-1,0.05681322442733746,-1,-1,-1,-1,hero,1
744,-1,1748.0,-1,-1,50000000,-1,-1,0.02419511802251052,-1,-1,-1,-1,hero,1
745,-1,0.0,-1,-1,52000000,-1,-1,-0.03446378114995604,-1,-1,-1,-1,hero,1
746,-1,2180.0,-1,-1,54000000,-1,-1,0.0386920542024336,-1,-1,-1,-1,hero,1
747,-1,0.0,-1,-1,0,-1,-1,0.0,-1,-1,-1,-1,venture,3
748,-1,0.0,-1,-1,2000000,-1,-1,0.0,-1,-1,-1,-1,venture,3
749,-1,0.0,-1,-1,4000000,-1,-1,0.0,-1,-1,-1,-1,venture,3
750,-1,0.0,-1,-1,6000000,-1,-1,0.0,-1,-1,-1,-1,venture,3
751,-1,0.0,-1,-1,8000000,-1,-1,0.0,-1,-1,-1,-1,venture,3
752,-1,0.0,-1,-1,10000000,-1,-1,0.0,-1,-1,-1,-1,venture,3
753,-1,0.0,-1,-1,12000000,-1,-1,0.0,-1,-1,-1,-1,venture,3
754,-1,0.0,-1,-1,14000000,-1,-1,0.0,-1,-1,-1,-1,venture,3
755,-1,0.0,-1,-1,16000000,-1,-1,0.0,-1,-1,-1,-1,venture,3
756,-1,0.0,-1,-1,18000000,-1,-1,0.0,-1,-1,-1,-1,venture,3
757,-1,0.0,-1,-1,20000000,-1,-1,0.0,-1,-1,-1,-1,venture,3
758,-1,0.0,-1,-1,22000000,-1,-1,0.0,-1,-1,-1,-1,venture,3
759,-1,0.0,-1,-1,24000000,-1,-1,0.0,-1,-1,-1,-1,venture,3
760,-1,0.0,-1,-1,26000000,-1,-1,0.0,-1,-1,-1,-1,venture,3
761,-1,0.0,-1,-1,28000000,-1,-1,0.0,-1,-1,-1,-1,venture,3
762,-1,0.0,-1,-1,30000000,-1,-1,0.0,-1,-1,-1,-1,venture,3
763,-1,0.0,-1,-1,32000000,-1,-1,0.0,-1,-1,-1,-1,venture,3
764,-1,0.0,-1,-1,34000000,-1,-1,0.0,-1,-1,-1,-1,venture,3
765,-1,0.0,-1,-1,36000000,-1,-1,0.0,-1,-1,-1,-1,venture,3
766,-1,0.0,-1,-1,38000000,-1,-1,0.0,-1,-1,-1,-1,venture,3
767,-1,0.0,-1,-1,40000000,-1,-1,0.0,-1,-1,-1,-1,venture,3
768,-1,0.0,-1,-1,42000000,-1,-1,0.0,-1,-1,-1,-1,venture,3
769,-1,0.0,-1,-1,44000000,-1,-1,0.0,-1,-1,-1,-1,venture,3
770,-1,0.0,-1,-1,46000000,-1,-1,0.0,-1,-1,-1,-1,venture,3
771,-1,0.0,-1,-1,48000000,-1,-1,0.0,-1,-1,-1,-1,venture,3
772,-1,0.0,-1,-1,50000000,-1,-1,0.0,-1,-1,-1,-1,venture,3
773,-1,0.0,-1,-1,52000000,-1,-1,0.0,-1,-1,-1,-1,venture,3
774,-1,0.0,-1,-1,54000000,-1,-1,0.0,-1,-1,-1,-1,venture,3
775,-1,0.0,-1,-1,56000000,-1,-1,0.0,-1,-1,-1,-1,venture,3
776,-1,0.0,-1,-1,58000000,-1,-1,0.0,-1,-1,-1,-1,venture,3
777,-1,0.0,-1,-1,60000000,-1,-1,0.0,-1,-1,-1,-1,venture,3
778,-1,0.0,-1,-1,62000000,-1,-1,0.0,-1,-1,-1,-1,venture,3
779,-1,0.0,-1,-1,64000000,-1,-1,0.0,-1,-1,-1,-1,venture,3
780,-1,0.0,-1,-1,66000000,-1,-1,0.0,-1,-1,-1,-1,venture,3
781,-1,0.0,-1,-1,68000000,-1,-1,0.0,-1,-1,-1,-1,venture,3
782,-1,0.0,-1,-1,70000000,-1,-1,0.0,-1,-1,-1,-1,venture,3
783,-1,0.0,-1,-1,72000000,-1,-1,0.0,-1,-1,-1,-1,venture,3
784,-1,0.0,-1,-1,74000000,-1,-1,0.0,-1,-1,-1,-1,venture,3
785,-1,0.0,-1,-1,76000000,-1,-1,0.0,-1,-1,-1,-1,venture,3
786,-1,0.0,-1,-1,0,-1,-1,0.0,-1,-1,-1,-1,freeway,0
787,-1,0.0,-1,-1,2000000,-1,-1,0.0,-1,-1,-1,-1,freeway,0
788,-1,0.0,-1,-1,4000000,-1,-1,0.0,-1,-1,-1,-1,freeway,0
789,-1,0.0,-1,-1,6000000,-1,-1,0.0,-1,-1,-1,-1,freeway,0
790,-1,0.0,-1,-1,8000000,-1,-1,0.0,-1,-1,-1,-1,freeway,0
791,-1,0.0,-1,-1,10000000,-1,-1,0.0,-1,-1,-1,-1,freeway,0
792,-1,0.0,-1,-1,12000000,-1,-1,0.0,-1,-1,-1,-1,freeway,0
793,-1,0.0,-1,-1,14000000,-1,-1,0.0,-1,-1,-1,-1,freeway,0
794,-1,0.0,-1,-1,16000000,-1,-1,0.0,-1,-1,-1,-1,freeway,0
795,-1,0.0,-1,-1,18000000,-1,-1,0.0,-1,-1,-1,-1,freeway,0
796,-1,0.0,-1,-1,20000000,-1,-1,0.0,-1,-1,-1,-1,freeway,0
797,-1,0.0,-1,-1,22000000,-1,-1,0.0,-1,-1,-1,-1,freeway,0
798,-1,0.0,-1,-1,24000000,-1,-1,0.0,-1,-1,-1,-1,freeway,0
799,-1,0.0,-1,-1,26000000,-1,-1,0.0,-1,-1,-1,-1,freeway,0
800,-1,0.0,-1,-1,28000000,-1,-1,0.0,-1,-1,-1,-1,freeway,0
801,-1,0.0,-1,-1,30000000,-1,-1,0.0,-1,-1,-1,-1,freeway,0
802,-1,0.0,-1,-1,32000000,-1,-1,0.0,-1,-1,-1,-1,freeway,0
803,-1,0.0,-1,-1,34000000,-1,-1,0.0,-1,-1,-1,-1,freeway,0
804,-1,0.0,-1,-1,36000000,-1,-1,0.0,-1,-1,-1,-1,freeway,0
805,-1,0.0,-1,-1,38000000,-1,-1,0.0,-1,-1,-1,-1,freeway,0
806,-1,0.0,-1,-1,40000000,-1,-1,0.0,-1,-1,-1,-1,freeway,0
807,-1,0.0,-1,-1,42000000,-1,-1,0.0,-1,-1,-1,-1,freeway,0
808,-1,0.0,-1,-1,44000000,-1,-1,0.0,-1,-1,-1,-1,freeway,0
809,-1,0.0,-1,-1,46000000,-1,-1,0.0,-1,-1,-1,-1,freeway,0
810,-1,0.0,-1,-1,48000000,-1,-1,0.0,-1,-1,-1,-1,freeway,0
811,-1,0.0,-1,-1,50000000,-1,-1,0.0,-1,-1,-1,-1,freeway,0
812,-1,0.0,-1,-1,52000000,-1,-1,0.0,-1,-1,-1,-1,freeway,0
813,-1,0.0,-1,-1,54000000,-1,-1,0.0,-1,-1,-1,-1,freeway,0
814,-1,0.0,-1,-1,56000000,-1,-1,0.0,-1,-1,-1,-1,freeway,0
815,-1,0.0,-1,-1,58000000,-1,-1,0.0,-1,-1,-1,-1,freeway,0
816,-1,0.0,-1,-1,60000000,-1,-1,0.0,-1,-1,-1,-1,freeway,0
817,-1,0.0,-1,-1,62000000,-1,-1,0.0,-1,-1,-1,-1,freeway,0
818,-1,0.0,-1,-1,64000000,-1,-1,0.0,-1,-1,-1,-1,freeway,0
819,-1,0.0,-1,-1,66000000,-1,-1,0.0,-1,-1,-1,-1,freeway,0
820,-1,0.0,-1,-1,68000000,-1,-1,0.0,-1,-1,-1,-1,freeway,0
821,-1,0.0,-1,-1,70000000,-1,-1,0.0,-1,-1,-1,-1,freeway,0
822,-1,155.0,-1,-1,0,-1,-1,-0.029262334140955856,-1,-1,-1,-1,hero,4
823,-1,0.0,-1,-1,2000000,-1,-1,-0.03446378114995604,-1,-1,-1,-1,hero,4
824,-1,0.0,-1,-1,4000000,-1,-1,-0.03446378114995604,-1,-1,-1,-1,hero,4
825,-1,0.0,-1,-1,6000000,-1,-1,-0.03446378114995604,-1,-1,-1,-1,hero,4
826,-1,0.0,-1,-1,8000000,-1,-1,-0.03446378114995604,-1,-1,-1,-1,hero,4
827,-1,0.0,-1,-1,10000000,-1,-1,-0.03446378114995604,-1,-1,-1,-1,hero,4
828,-1,0.0,-1,-1,12000000,-1,-1,-0.03446378114995604,-1,-1,-1,-1,hero,4
829,-1,15.0,-1,-1,14000000,-1,-1,-0.03396041531037537,-1,-1,-1,-1,hero,4
830,-1,1976.5,-1,-1,16000000,-1,-1,0.031863057645455946,-1,-1,-1,-1,hero,4
831,-1,0.0,-1,-1,18000000,-1,-1,-0.03446378114995604,-1,-1,-1,-1,hero,4
832,-1,0.0,-1,-1,20000000,-1,-1,-0.03446378114995604,-1,-1,-1,-1,hero,4
833,-1,30.0,-1,-1,22000000,-1,-1,-0.03345704947079471,-1,-1,-1,-1,hero,4
834,-1,1646.0,-1,-1,24000000,-1,-1,0.020772230313362013,-1,-1,-1,-1,hero,4
835,-1,219.5,-1,-1,26000000,-1,-1,-0.027097861030759007,-1,-1,-1,-1,hero,4
836,-1,2876.0,-1,-1,28000000,-1,-1,0.06204822915897635,-1,-1,-1,-1,hero,4
837,-1,2896.5,-1,-1,30000000,-1,-1,0.06273616247306993,-1,-1,-1,-1,hero,4
838,-1,380.0,-1,-1,32000000,-1,-1,-0.021711846547245915,-1,-1,-1,-1,hero,4
839,-1,3030.0,-1,-1,34000000,-1,-1,0.06721611844533783,-1,-1,-1,-1,hero,4
840,-1,3015.0,-1,-1,36000000,-1,-1,0.06671275260575715,-1,-1,-1,-1,hero,4
841,-1,3044.0,-1,-1,38000000,-1,-1,0.06768592656227977,-1,-1,-1,-1,hero,4
842,-1,2991.0,-1,-1,40000000,-1,-1,0.0659073672624281,-1,-1,-1,-1,hero,4
843,-1,3057.5,-1,-1,42000000,-1,-1,0.06813895581790237,-1,-1,-1,-1,hero,4
844,-1,2954.5,-1,-1,44000000,-1,-1,0.06468251038611515,-1,-1,-1,-1,hero,4
845,-1,2643.0,-1,-1,46000000,-1,-1,0.054229279784156724,-1,-1,-1,-1,hero,4
846,-1,1530.0,-1,-1,48000000,-1,-1,0.016879534487271555,-1,-1,-1,-1,hero,4
847,-1,2397.5,-1,-1,50000000,-1,-1,0.045990858876353215,-1,-1,-1,-1,hero,4
848,-1,2970.5,-1,-1,52000000,-1,-1,0.06521943394833453,-1,-1,-1,-1,hero,4
849,-1,2745.0,-1,-1,54000000,-1,-1,0.057652167493305234,-1,-1,-1,-1,hero,4
850,-1,2395.0,-1,-1,56000000,-1,-1,0.04590696456975644,-1,-1,-1,-1,hero,4
851,-1,2965.0,-1,-1,58000000,-1,-1,0.06503486647382162,-1,-1,-1,-1,hero,4
852,-1,15.0,-1,-1,60000000,-1,-1,-0.03396041531037537,-1,-1,-1,-1,hero,4
853,-1,2960.0,-1,-1,62000000,-1,-1,0.06486707786062806,-1,-1,-1,-1,hero,4
854,-1,234.0,-1,-1,64000000,-1,-1,-0.0266112740524977,-1,-1,-1,-1,hero,4
855,-1,2924.0,-1,-1,66000000,-1,-1,0.06365899984563447,-1,-1,-1,-1,hero,4
856,-1,3032.0,-1,-1,68000000,-1,-1,0.06728323389061525,-1,-1,-1,-1,hero,4
857,-1,616.0,-1,-1,70000000,-1,-1,-0.013792224004510157,-1,-1,-1,-1,hero,4
858,-1,100.0,-1,-1,0,-1,-1,-0.018522007565327035,-1,-1,-1,-1,alien,4
859,-1,102.0,-1,-1,2000000,-1,-1,-0.018232148292004233,-1,-1,-1,-1,alien,4
860,-1,110.0,-1,-1,4000000,-1,-1,-0.017072711198713026,-1,-1,-1,-1,alien,4
861,-1,240.0,-1,-1,6000000,-1,-1,0.0017681415672690893,-1,-1,-1,-1,alien,4
862,-1,383.0,-1,-1,8000000,-1,-1,0.022493079609849417,-1,-1,-1,-1,alien,4
863,-1,350.0,-1,-1,10000000,-1,-1,0.017710401600023188,-1,-1,-1,-1,alien,4
864,-1,367.0,-1,-1,12000000,-1,-1,0.020174205423267002,-1,-1,-1,-1,alien,4
865,-1,336.0,-1,-1,14000000,-1,-1,0.015681386686763575,-1,-1,-1,-1,alien,4
866,-1,467.0,-1,-1,16000000,-1,-1,0.03466716908940709,-1,-1,-1,-1,alien,4
867,-1,432.0,-1,-1,18000000,-1,-1,0.02959463180625806,-1,-1,-1,-1,alien,4
868,-1,618.0,-1,-1,20000000,-1,-1,0.05655154422527863,-1,-1,-1,-1,alien,4
869,-1,388.0,-1,-1,22000000,-1,-1,0.023217727793156423,-1,-1,-1,-1,alien,4
870,-1,535.0,-1,-1,24000000,-1,-1,0.04452238438238235,-1,-1,-1,-1,alien,4
871,-1,436.0,-1,-1,26000000,-1,-1,0.030174350352903664,-1,-1,-1,-1,alien,4
872,-1,408.0,-1,-1,28000000,-1,-1,0.02611632052638444,-1,-1,-1,-1,alien,4
873,-1,499.0,-1,-1,30000000,-1,-1,0.03930491746257192,-1,-1,-1,-1,alien,4
874,-1,375.0,-1,-1,32000000,-1,-1,0.02133364251655821,-1,-1,-1,-1,alien,4
875,-1,503.0,-1,-1,34000000,-1,-1,0.039884636009217524,-1,-1,-1,-1,alien,4
876,-1,559.0,-1,-1,36000000,-1,-1,0.048000695662255975,-1,-1,-1,-1,alien,4
877,-1,440.0,-1,-1,38000000,-1,-1,0.030754068899549267,-1,-1,-1,-1,alien,4
878,-1,584.0,-1,-1,40000000,-1,-1,0.051623936578790997,-1,-1,-1,-1,alien,4
879,-1,504.0,-1,-1,42000000,-1,-1,0.04002956564587892,-1,-1,-1,-1,alien,4
880,-1,408.0,-1,-1,44000000,-1,-1,0.02611632052638444,-1,-1,-1,-1,alien,4
881,-1,543.0,-1,-1,46000000,-1,-1,0.04568182147567356,-1,-1,-1,-1,alien,4
882,-1,507.0,-1,-1,48000000,-1,-1,0.04046435455586313,-1,-1,-1,-1,alien,4
883,-1,693.0,-1,-1,50000000,-1,-1,0.0674212669748837,-1,-1,-1,-1,alien,4
884,-1,562.0,-1,-1,52000000,-1,-1,0.04843548457224018,-1,-1,-1,-1,alien,4
885,-1,515.0,-1,-1,54000000,-1,-1,0.041623791649154335,-1,-1,-1,-1,alien,4
886,-1,665.0,-1,-1,56000000,-1,-1,0.06336323714836448,-1,-1,-1,-1,alien,4
887,-1,489.0,-1,-1,58000000,-1,-1,0.037855621095957914,-1,-1,-1,-1,alien,4
888,-1,657.0,-1,-1,60000000,-1,-1,0.06220380005507326,-1,-1,-1,-1,alien,4
889,-1,635.0,-1,-1,62000000,-1,-1,0.059015348048522445,-1,-1,-1,-1,alien,4
890,-1,616.0,-1,-1,64000000,-1,-1,0.056261684951955826,-1,-1,-1,-1,alien,4
891,-1,640.0,-1,-1,66000000,-1,-1,0.05973999623182945,-1,-1,-1,-1,alien,4
892,-1,661.0,-1,-1,68000000,-1,-1,0.06278351860171887,-1,-1,-1,-1,alien,4
893,-1,714.0,-1,-1,70000000,-1,-1,0.07046478934477311,-1,-1,-1,-1,alien,4
894,-1,457.0,-1,-1,72000000,-1,-1,0.033217872722793085,-1,-1,-1,-1,alien,4
895,-1,872.0,-1,-1,0,-1,-1,-0.0328482290990406,-1,-1,-1,-1,solaris,0
896,-1,1782.0,-1,-1,2000000,-1,-1,0.04920471759359446,-1,-1,-1,-1,solaris,0
897,-1,1104.0,-1,-1,4000000,-1,-1,-0.011929236096083094,-1,-1,-1,-1,solaris,0
898,-1,1754.0,-1,-1,6000000,-1,-1,0.046680011541513376,-1,-1,-1,-1,solaris,0
899,-1,812.0,-1,-1,8000000,-1,-1,-0.0382583134963572,-1,-1,-1,-1,solaris,0
900,-1,0.0,-1,-1,10000000,-1,-1,-0.11147478900670849,-1,-1,-1,-1,solaris,0
901,-1,200.0,-1,-1,12000000,-1,-1,-0.0934411743489865,-1,-1,-1,-1,solaris,0
902,-1,754.0,-1,-1,14000000,-1,-1,-0.04348806174709658,-1,-1,-1,-1,solaris,0
903,-1,1256.0,-1,-1,16000000,-1,-1,0.0017763110437856203,-1,-1,-1,-1,solaris,0
904,-1,1356.0,-1,-1,18000000,-1,-1,0.010793118372646616,-1,-1,-1,-1,solaris,0
905,-1,240.0,-1,-1,20000000,-1,-1,-0.08983445141744209,-1,-1,-1,-1,solaris,0
906,-1,0.0,-1,-1,22000000,-1,-1,-0.11147478900670849,-1,-1,-1,-1,solaris,0
907,-1,468.0,-1,-1,24000000,-1,-1,-0.06927613070763902,-1,-1,-1,-1,solaris,0
908,-1,0.0,-1,-1,26000000,-1,-1,-0.11147478900670849,-1,-1,-1,-1,solaris,0
909,-1,684.0,-1,-1,28000000,-1,-1,-0.04979982687729927,-1,-1,-1,-1,solaris,0
910,-1,628.0,-1,-1,30000000,-1,-1,-0.054849238981461435,-1,-1,-1,-1,solaris,0
911,-1,1340.0,-1,-1,32000000,-1,-1,0.009350429200028857,-1,-1,-1,-1,solaris,0
912,-1,3034.0,-1,-1,34000000,-1,-1,0.1620951453509341,-1,-1,-1,-1,solaris,0
913,-1,1354.0,-1,-1,36000000,-1,-1,0.010612782226069395,-1,-1,-1,-1,solaris,0
914,-1,2036.0,-1,-1,38000000,-1,-1,0.07210740820890138,-1,-1,-1,-1,solaris,0
915,-1,608.0,-1,-1,40000000,-1,-1,-0.05665260044723363,-1,-1,-1,-1,solaris,0
916,-1,866.0,-1,-1,42000000,-1,-1,-0.033389237538772265,-1,-1,-1,-1,solaris,0
917,-1,752.0,-1,-1,44000000,-1,-1,-0.0436683978936738,-1,-1,-1,-1,solaris,0
918,-1,2146.0,-1,-1,46000000,-1,-1,0.08202589627064848,-1,-1,-1,-1,solaris,0
919,-1,-263.3,-1,-1,0,-1,-1,-0.0050649176017092245,-1,-1,-1,-1,pitfall,4
920,-1,-13.4,-1,-1,2000000,-1,-1,0.03227204135602337,-1,-1,-1,-1,pitfall,4
921,-1,0.0,-1,-1,4000000,-1,-1,0.034274103180887784,-1,-1,-1,-1,pitfall,4
922,-1,-16.7,-1,-1,6000000,-1,-1,0.031778996279750796,-1,-1,-1,-1,pitfall,4
923,-1,-131.0,-1,-1,8000000,-1,-1,0.014701707728855092,-1,-1,-1,-1,pitfall,4
924,-1,-10.3,-1,-1,10000000,-1,-1,0.032735204912521854,-1,-1,-1,-1,pitfall,4
925,-1,-10.6,-1,-1,12000000,-1,-1,0.03269038263286071,-1,-1,-1,-1,pitfall,4
926,-1,0.0,-1,-1,14000000,-1,-1,0.034274103180887784,-1,-1,-1,-1,pitfall,4
927,-1,0.0,-1,-1,16000000,-1,-1,0.034274103180887784,-1,-1,-1,-1,pitfall,4
928,-1,-300.7,-1,-1,18000000,-1,-1,-0.01065276179946512,-1,-1,-1,-1,pitfall,4
929,-1,0.0,-1,-1,20000000,-1,-1,0.034274103180887784,-1,-1,-1,-1,pitfall,4
930,-1,-23.3,-1,-1,22000000,-1,-1,0.03079290612720563,-1,-1,-1,-1,pitfall,4
931,-1,0.0,-1,-1,24000000,-1,-1,0.034274103180887784,-1,-1,-1,-1,pitfall,4
932,-1,0.0,-1,-1,26000000,-1,-1,0.034274103180887784,-1,-1,-1,-1,pitfall,4
933,-1,-77.3,-1,-1,28000000,-1,-1,0.022724895788199792,-1,-1,-1,-1,pitfall,4
934,-1,-12.1,-1,-1,30000000,-1,-1,0.03246627123455499,-1,-1,-1,-1,pitfall,4
935,-1,0.0,-1,-1,32000000,-1,-1,0.034274103180887784,-1,-1,-1,-1,pitfall,4
936,-1,0.0,-1,-1,34000000,-1,-1,0.034274103180887784,-1,-1,-1,-1,pitfall,4
937,-1,-105.0,-1,-1,36000000,-1,-1,0.018586305299487533,-1,-1,-1,-1,pitfall,4
938,-1,0.0,-1,-1,38000000,-1,-1,0.034274103180887784,-1,-1,-1,-1,pitfall,4
939,-1,0.0,-1,-1,40000000,-1,-1,0.034274103180887784,-1,-1,-1,-1,pitfall,4
940,-1,9.6,-1,-1,0,-1,-1,0.3243243243243243,-1,-1,-1,-1,freeway,1
941,-1,0.0,-1,-1,2000000,-1,-1,0.0,-1,-1,-1,-1,freeway,1
942,-1,0.2,-1,-1,4000000,-1,-1,0.006756756756756757,-1,-1,-1,-1,freeway,1
943,-1,0.0,-1,-1,6000000,-1,-1,0.0,-1,-1,-1,-1,freeway,1
944,-1,18.9,-1,-1,8000000,-1,-1,0.6385135135135135,-1,-1,-1,-1,freeway,1
945,-1,0.0,-1,-1,10000000,-1,-1,0.0,-1,-1,-1,-1,freeway,1
946,-1,0.0,-1,-1,12000000,-1,-1,0.0,-1,-1,-1,-1,freeway,1
947,-1,0.0,-1,-1,14000000,-1,-1,0.0,-1,-1,-1,-1,freeway,1
948,-1,7.9,-1,-1,16000000,-1,-1,0.2668918918918919,-1,-1,-1,-1,freeway,1
949,-1,0.9,-1,-1,18000000,-1,-1,0.030405405405405404,-1,-1,-1,-1,freeway,1
950,-1,3.1,-1,-1,20000000,-1,-1,0.10472972972972973,-1,-1,-1,-1,freeway,1
951,-1,0.0,-1,-1,22000000,-1,-1,0.0,-1,-1,-1,-1,freeway,1
952,-1,0.0,-1,-1,24000000,-1,-1,0.0,-1,-1,-1,-1,freeway,1
953,-1,0.0,-1,-1,26000000,-1,-1,0.0,-1,-1,-1,-1,freeway,1
954,-1,0.0,-1,-1,28000000,-1,-1,0.0,-1,-1,-1,-1,freeway,1
955,-1,0.0,-1,-1,30000000,-1,-1,0.0,-1,-1,-1,-1,freeway,1
956,-1,0.0,-1,-1,32000000,-1,-1,0.0,-1,-1,-1,-1,freeway,1
957,-1,12.8,-1,-1,34000000,-1,-1,0.43243243243243246,-1,-1,-1,-1,freeway,1
958,-1,0.0,-1,-1,36000000,-1,-1,0.0,-1,-1,-1,-1,freeway,1
959,-1,0.0,-1,-1,38000000,-1,-1,0.0,-1,-1,-1,-1,freeway,1
960,-1,0.0,-1,-1,40000000,-1,-1,0.0,-1,-1,-1,-1,freeway,1
961,-1,0.0,-1,-1,42000000,-1,-1,0.0,-1,-1,-1,-1,freeway,1
962,-1,0.0,-1,-1,44000000,-1,-1,0.0,-1,-1,-1,-1,freeway,1
963,-1,4.1,-1,-1,46000000,-1,-1,0.1385135135135135,-1,-1,-1,-1,freeway,1
964,-1,0.0,-1,-1,48000000,-1,-1,0.0,-1,-1,-1,-1,freeway,1
965,-1,0.0,-1,-1,50000000,-1,-1,0.0,-1,-1,-1,-1,freeway,1
966,-1,0.0,-1,-1,52000000,-1,-1,0.0,-1,-1,-1,-1,freeway,1
967,-1,0.0,-1,-1,54000000,-1,-1,0.0,-1,-1,-1,-1,freeway,1
968,-1,0.0,-1,-1,56000000,-1,-1,0.0,-1,-1,-1,-1,freeway,1
969,-1,0.0,-1,-1,58000000,-1,-1,0.0,-1,-1,-1,-1,freeway,1
970,-1,0.0,-1,-1,60000000,-1,-1,0.0,-1,-1,-1,-1,freeway,1
971,-1,0.0,-1,-1,62000000,-1,-1,0.0,-1,-1,-1,-1,freeway,1
972,-1,0.0,-1,-1,64000000,-1,-1,0.0,-1,-1,-1,-1,freeway,1
973,-1,0.0,-1,-1,66000000,-1,-1,0.0,-1,-1,-1,-1,freeway,1
974,-1,0.0,-1,-1,68000000,-1,-1,0.0,-1,-1,-1,-1,freeway,1
975,-1,0.0,-1,-1,70000000,-1,-1,0.0,-1,-1,-1,-1,freeway,1
976,-1,125.0,-1,-1,0,-1,-1,-0.002926770545703516,-1,-1,-1,-1,qbert,3
977,-1,150.0,-1,-1,2000000,-1,-1,-0.001045812611446758,-1,-1,-1,-1,qbert,3
978,-1,172.5,-1,-1,4000000,-1,-1,0.0006470495293843244,-1,-1,-1,-1,qbert,3
979,-1,162.5,-1,-1,6000000,-1,-1,-0.00010533364431837889,-1,-1,-1,-1,qbert,3
980,-1,227.5,-1,-1,8000000,-1,-1,0.004785156984749192,-1,-1,-1,-1,qbert,3
981,-1,605.0,-1,-1,10000000,-1,-1,0.033187621792026244,-1,-1,-1,-1,qbert,3
982,-1,170.0,-1,-1,12000000,-1,-1,0.0004589537359586486,-1,-1,-1,-1,qbert,3
983,-1,235.0,-1,-1,14000000,-1,-1,0.00534944436502622,-1,-1,-1,-1,qbert,3
984,-1,250.0,-1,-1,16000000,-1,-1,0.006478019125580275,-1,-1,-1,-1,qbert,3
985,-1,280.0,-1,-1,18000000,-1,-1,0.008735168646688385,-1,-1,-1,-1,qbert,3
986,-1,250.0,-1,-1,20000000,-1,-1,0.006478019125580275,-1,-1,-1,-1,qbert,3
987,-1,250.0,-1,-1,22000000,-1,-1,0.006478019125580275,-1,-1,-1,-1,qbert,3
988,-1,275.0,-1,-1,24000000,-1,-1,0.008358977059837033,-1,-1,-1,-1,qbert,3
989,-1,350.0,-1,-1,26000000,-1,-1,0.014001850862607308,-1,-1,-1,-1,qbert,3
990,-1,565.0,-1,-1,28000000,-1,-1,0.030178089097215432,-1,-1,-1,-1,qbert,3
991,-1,775.0,-1,-1,30000000,-1,-1,0.0459781357449722,-1,-1,-1,-1,qbert,3
992,-1,592.5,-1,-1,32000000,-1,-1,0.032247142824897865,-1,-1,-1,-1,qbert,3
993,-1,280.0,-1,-1,34000000,-1,-1,0.008735168646688385,-1,-1,-1,-1,qbert,3
994,-1,1217.5,-1,-1,36000000,-1,-1,0.07927109118131681,-1,-1,-1,-1,qbert,3
995,-1,320.0,-1,-1,38000000,-1,-1,0.011744701341499198,-1,-1,-1,-1,qbert,3
996,-1,387.5,-1,-1,40000000,-1,-1,0.016823287763992445,-1,-1,-1,-1,qbert,3
997,-1,420.0,-1,-1,42000000,-1,-1,0.01926853307852623,-1,-1,-1,-1,qbert,3
998,-1,125.0,-1,-1,44000000,-1,-1,-0.002926770545703516,-1,-1,-1,-1,qbert,3
999,-1,125.0,-1,-1,46000000,-1,-1,-0.002926770545703516,-1,-1,-1,-1,qbert,3
1000,-1,535.0,-1,-1,48000000,-1,-1,0.02792093957610732,-1,-1,-1,-1,qbert,3
1001,-1,225.0,-1,-1,50000000,-1,-1,0.0045970611913235164,-1,-1,-1,-1,qbert,3
1002,-1,575.0,-1,-1,52000000,-1,-1,0.030930472270918136,-1,-1,-1,-1,qbert,3
1003,-1,572.5,-1,-1,54000000,-1,-1,0.030742376477492457,-1,-1,-1,-1,qbert,3
1004,-1,125.0,-1,-1,56000000,-1,-1,-0.002926770545703516,-1,-1,-1,-1,qbert,3
1005,-1,370.0,-1,-1,58000000,-1,-1,0.015506617210012714,-1,-1,-1,-1,qbert,3
1006,-1,250.0,-1,-1,60000000,-1,-1,0.006478019125580275,-1,-1,-1,-1,qbert,3
1007,-1,255.0,-1,-1,62000000,-1,-1,0.006854210712431626,-1,-1,-1,-1,qbert,3
1008,-1,400.0,-1,-1,64000000,-1,-1,0.017763766731120824,-1,-1,-1,-1,qbert,3
1009,-1,557.5,-1,-1,66000000,-1,-1,0.029613801716938403,-1,-1,-1,-1,qbert,3
1010,-1,450.0,-1,-1,68000000,-1,-1,0.021525682599634343,-1,-1,-1,-1,qbert,3
1011,-1,375.0,-1,-1,70000000,-1,-1,0.015882808796864066,-1,-1,-1,-1,qbert,3
1012,-1,700.0,-1,-1,72000000,-1,-1,0.040335261942201925,-1,-1,-1,-1,qbert,3
1013,-1,785.0,-1,-1,74000000,-1,-1,0.046730518918674906,-1,-1,-1,-1,qbert,3
1014,-1,912.5,-1,-1,76000000,-1,-1,0.05632340438338437,-1,-1,-1,-1,qbert,3
1015,-1,790.0,-1,-1,78000000,-1,-1,0.047106710505526256,-1,-1,-1,-1,qbert,3
1016,-1,375.0,-1,-1,80000000,-1,-1,0.015882808796864066,-1,-1,-1,-1,qbert,3
1017,-1,790.0,-1,-1,82000000,-1,-1,0.047106710505526256,-1,-1,-1,-1,qbert,3
1018,-1,140.0,-1,-1,0,-1,-1,-0.012724822098871,-1,-1,-1,-1,alien,1
1019,-1,223.0,-1,-1,2000000,-1,-1,-0.000695662255974726,-1,-1,-1,-1,alien,1
1020,-1,163.0,-1,-1,4000000,-1,-1,-0.009391440455658779,-1,-1,-1,-1,alien,1
1021,-1,159.0,-1,-1,6000000,-1,-1,-0.009971159002304383,-1,-1,-1,-1,alien,1
1022,-1,168.0,-1,-1,8000000,-1,-1,-0.008666792272351776,-1,-1,-1,-1,alien,1
1023,-1,226.0,-1,-1,10000000,-1,-1,-0.00026087334599052324,-1,-1,-1,-1,alien,1
1024,-1,324.0,-1,-1,12000000,-1,-1,0.013942231046826764,-1,-1,-1,-1,alien,1
1025,-1,283.0,-1,-1,14000000,-1,-1,0.008000115943709328,-1,-1,-1,-1,alien,1
1026,-1,292.0,-1,-1,16000000,-1,-1,0.009304482673661936,-1,-1,-1,-1,alien,1
1027,-1,324.0,-1,-1,18000000,-1,-1,0.013942231046826764,-1,-1,-1,-1,alien,1
1028,-1,380.0,-1,-1,20000000,-1,-1,0.022058290699865216,-1,-1,-1,-1,alien,1
1029,-1,309.0,-1,-1,22000000,-1,-1,0.011768286496905752,-1,-1,-1,-1,alien,1
1030,-1,413.0,-1,-1,24000000,-1,-1,0.026840968709691444,-1,-1,-1,-1,alien,1
1031,-1,511.0,-1,-1,26000000,-1,-1,0.04104407310250873,-1,-1,-1,-1,alien,1
1032,-1,543.0,-1,-1,28000000,-1,-1,0.04568182147567356,-1,-1,-1,-1,alien,1
1033,-1,541.0,-1,-1,30000000,-1,-1,0.04539196220235076,-1,-1,-1,-1,alien,1
1034,-1,566.0,-1,-1,32000000,-1,-1,0.04901520311888578,-1,-1,-1,-1,alien,1
1035,-1,402.0,-1,-1,34000000,-1,-1,0.025246742706416036,-1,-1,-1,-1,alien,1
1036,-1,406.0,-1,-1,36000000,-1,-1,0.02582646125306164,-1,-1,-1,-1,alien,1
1037,-1,542.0,-1,-1,38000000,-1,-1,0.04553689183901216,-1,-1,-1,-1,alien,1
1038,-1,533.0,-1,-1,40000000,-1,-1,0.044232525109059555,-1,-1,-1,-1,alien,1
1039,-1,455.0,-1,-1,42000000,-1,-1,0.03292801344947028,-1,-1,-1,-1,alien,1
1040,-1,602.0,-1,-1,44000000,-1,-1,0.05423267003869622,-1,-1,-1,-1,alien,1
1041,-1,724.0,-1,-1,46000000,-1,-1,0.07191408571138712,-1,-1,-1,-1,alien,1
1042,-1,451.0,-1,-1,48000000,-1,-1,0.032348294902824676,-1,-1,-1,-1,alien,1
1043,-1,543.0,-1,-1,50000000,-1,-1,0.04568182147567356,-1,-1,-1,-1,alien,1
1044,-1,518.0,-1,-1,52000000,-1,-1,0.04205858055913854,-1,-1,-1,-1,alien,1
1045,-1,548.0,-1,-1,54000000,-1,-1,0.04640646965898056,-1,-1,-1,-1,alien,1
1046,-1,654.0,-1,-1,56000000,-1,-1,0.06176901114508906,-1,-1,-1,-1,alien,1
1047,-1,582.0,-1,-1,58000000,-1,-1,0.0513340773054682,-1,-1,-1,-1,alien,1
1048,-1,578.0,-1,-1,60000000,-1,-1,0.050754358758822594,-1,-1,-1,-1,alien,1
1049,-1,562.0,-1,-1,62000000,-1,-1,0.04843548457224018,-1,-1,-1,-1,alien,1
1050,-1,521.0,-1,-1,64000000,-1,-1,0.042493369469122744,-1,-1,-1,-1,alien,1
1051,-1,566.0,-1,-1,66000000,-1,-1,0.04901520311888578,-1,-1,-1,-1,alien,1
1052,-1,561.0,-1,-1,68000000,-1,-1,0.04829055493557878,-1,-1,-1,-1,alien,1
1053,-1,495.0,-1,-1,70000000,-1,-1,0.038725198915926316,-1,-1,-1,-1,alien,1
1054,-1,487.0,-1,-1,72000000,-1,-1,0.03756576182263511,-1,-1,-1,-1,alien,1
1055,-1,165.0,-1,-1,0,-1,-1,-0.02892675691456875,-1,-1,-1,-1,hero,2
1056,-1,2245.0,-1,-1,2000000,-1,-1,0.04087330617394981,-1,-1,-1,-1,hero,2
1057,-1,0.0,-1,-1,4000000,-1,-1,-0.03446378114995604,-1,-1,-1,-1,hero,2
1058,-1,825.5,-1,-1,6000000,-1,-1,-0.006761881111700235,-1,-1,-1,-1,hero,2
1059,-1,105.0,-1,-1,8000000,-1,-1,-0.030940220272891398,-1,-1,-1,-1,hero,2
1060,-1,0.0,-1,-1,10000000,-1,-1,-0.03446378114995604,-1,-1,-1,-1,hero,2
1061,-1,0.0,-1,-1,12000000,-1,-1,-0.03446378114995604,-1,-1,-1,-1,hero,2
1062,-1,75.0,-1,-1,14000000,-1,-1,-0.03194695195205272,-1,-1,-1,-1,hero,2
1063,-1,0.0,-1,-1,16000000,-1,-1,-0.03446378114995604,-1,-1,-1,-1,hero,2
1064,-1,3050.5,-1,-1,18000000,-1,-1,0.0679040517594314,-1,-1,-1,-1,hero,2
1065,-1,2638.0,-1,-1,20000000,-1,-1,0.05406149117096317,-1,-1,-1,-1,hero,2
1066,-1,75.0,-1,-1,22000000,-1,-1,-0.03194695195205272,-1,-1,-1,-1,hero,2
1067,-1,1507.5,-1,-1,24000000,-1,-1,0.01612448572790056,-1,-1,-1,-1,hero,2
1068,-1,2964.0,-1,-1,26000000,-1,-1,0.0650013087511829,-1,-1,-1,-1,hero,2
1069,-1,1887.0,-1,-1,28000000,-1,-1,0.028859641469291326,-1,-1,-1,-1,hero,2
1070,-1,1284.5,-1,-1,30000000,-1,-1,0.008641113579468042,-1,-1,-1,-1,hero,2
1071,-1,1724.5,-1,-1,32000000,-1,-1,0.023406511540500816,-1,-1,-1,-1,hero,2
1072,-1,3070.0,-1,-1,34000000,-1,-1,0.06855842735088626,-1,-1,-1,-1,hero,2
1073,-1,3077.0,-1,-1,36000000,-1,-1,0.06879333140935723,-1,-1,-1,-1,hero,2
1074,-1,2776.0,-1,-1,38000000,-1,-1,0.058692456895105265,-1,-1,-1,-1,hero,2
1075,-1,3006.0,-1,-1,40000000,-1,-1,0.06641073310200876,-1,-1,-1,-1,hero,2
1076,-1,2870.0,-1,-1,42000000,-1,-1,0.061846882823144086,-1,-1,-1,-1,hero,2
1077,-1,3010.0,-1,-1,44000000,-1,-1,0.0665449639925636,-1,-1,-1,-1,hero,2
1078,-1,2785.0,-1,-1,46000000,-1,-1,0.05899447639885366,-1,-1,-1,-1,hero,2
1079,-1,2972.5,-1,-1,48000000,-1,-1,0.06528654939361195,-1,-1,-1,-1,hero,2
1080,-1,1164.5,-1,-1,50000000,-1,-1,0.004614186862822741,-1,-1,-1,-1,hero,2
1081,-1,2986.0,-1,-1,52000000,-1,-1,0.06573957864923455,-1,-1,-1,-1,hero,2
1082,-1,935.5,-1,-1,54000000,-1,-1,-0.0030705316214420424,-1,-1,-1,-1,hero,2
1083,-1,1719.0,-1,-1,56000000,-1,-1,0.023221944065987904,-1,-1,-1,-1,hero,2
1084,-1,2880.0,-1,-1,58000000,-1,-1,0.062182460049531194,-1,-1,-1,-1,hero,2
1085,-1,2057.0,-1,-1,60000000,-1,-1,0.03456445431787217,-1,-1,-1,-1,hero,2
1086,-1,2961.5,-1,-1,62000000,-1,-1,0.06491741444458612,-1,-1,-1,-1,hero,2
1087,-1,3040.5,-1,-1,64000000,-1,-1,0.06756847453304429,-1,-1,-1,-1,hero,2
1088,-1,147.0,-1,-1,66000000,-1,-1,-0.029530795922065544,-1,-1,-1,-1,hero,2
1089,-1,3011.0,-1,-1,68000000,-1,-1,0.06657852171520232,-1,-1,-1,-1,hero,2
1090,-1,2816.5,-1,-1,70000000,-1,-1,0.06005154466197306,-1,-1,-1,-1,hero,2
1091,-1,1192.0,-1,-1,72000000,-1,-1,0.005537024235387289,-1,-1,-1,-1,hero,2
1092,-1,0.0,-1,-1,0,-1,-1,-0.05442990183740246,-1,-1,-1,-1,gravitar,4
1093,-1,0.0,-1,-1,2000000,-1,-1,-0.05442990183740246,-1,-1,-1,-1,gravitar,4
1094,-1,10.0,-1,-1,4000000,-1,-1,-0.05128366473697458,-1,-1,-1,-1,gravitar,4
1095,-1,10.0,-1,-1,6000000,-1,-1,-0.05128366473697458,-1,-1,-1,-1,gravitar,4
1096,-1,0.0,-1,-1,8000000,-1,-1,-0.05442990183740246,-1,-1,-1,-1,gravitar,4
1097,-1,0.0,-1,-1,10000000,-1,-1,-0.05442990183740246,-1,-1,-1,-1,gravitar,4
1098,-1,0.0,-1,-1,12000000,-1,-1,-0.05442990183740246,-1,-1,-1,-1,gravitar,4
1099,-1,20.0,-1,-1,14000000,-1,-1,-0.04813742763654669,-1,-1,-1,-1,gravitar,4
1100,-1,0.0,-1,-1,16000000,-1,-1,-0.05442990183740246,-1,-1,-1,-1,gravitar,4
1101,-1,20.0,-1,-1,18000000,-1,-1,-0.04813742763654669,-1,-1,-1,-1,gravitar,4
1102,-1,10.0,-1,-1,20000000,-1,-1,-0.05128366473697458,-1,-1,-1,-1,gravitar,4
1103,-1,0.0,-1,-1,22000000,-1,-1,-0.05442990183740246,-1,-1,-1,-1,gravitar,4
1104,-1,10.0,-1,-1,24000000,-1,-1,-0.05128366473697458,-1,-1,-1,-1,gravitar,4
1105,-1,0.0,-1,-1,26000000,-1,-1,-0.05442990183740246,-1,-1,-1,-1,gravitar,4
1106,-1,10.0,-1,-1,28000000,-1,-1,-0.05128366473697458,-1,-1,-1,-1,gravitar,4
1107,-1,0.0,-1,-1,30000000,-1,-1,-0.05442990183740246,-1,-1,-1,-1,gravitar,4
1108,-1,0.0,-1,-1,32000000,-1,-1,-0.05442990183740246,-1,-1,-1,-1,gravitar,4
1109,-1,0.0,-1,-1,34000000,-1,-1,-0.05442990183740246,-1,-1,-1,-1,gravitar,4
1110,-1,0.0,-1,-1,36000000,-1,-1,-0.05442990183740246,-1,-1,-1,-1,gravitar,4
1111,-1,0.0,-1,-1,38000000,-1,-1,-0.05442990183740246,-1,-1,-1,-1,gravitar,4
1112,-1,0.0,-1,-1,40000000,-1,-1,-0.05442990183740246,-1,-1,-1,-1,gravitar,4
1113,-1,0.0,-1,-1,42000000,-1,-1,-0.05442990183740246,-1,-1,-1,-1,gravitar,4
1114,-1,0.0,-1,-1,44000000,-1,-1,-0.05442990183740246,-1,-1,-1,-1,gravitar,4
1115,-1,0.0,-1,-1,46000000,-1,-1,-0.05442990183740246,-1,-1,-1,-1,gravitar,4
1116,-1,10.0,-1,-1,48000000,-1,-1,-0.05128366473697458,-1,-1,-1,-1,gravitar,4
1117,-1,0.0,-1,-1,50000000,-1,-1,-0.05442990183740246,-1,-1,-1,-1,gravitar,4
1118,-1,0.0,-1,-1,52000000,-1,-1,-0.05442990183740246,-1,-1,-1,-1,gravitar,4
1119,-1,0.0,-1,-1,54000000,-1,-1,-0.05442990183740246,-1,-1,-1,-1,gravitar,4
1120,-1,0.0,-1,-1,56000000,-1,-1,-0.05442990183740246,-1,-1,-1,-1,gravitar,4
1121,-1,30.0,-1,-1,58000000,-1,-1,-0.0449911905361188,-1,-1,-1,-1,gravitar,4
1122,-1,150.0,-1,-1,60000000,-1,-1,-0.007236345330984143,-1,-1,-1,-1,gravitar,4
1123,-1,0.0,-1,-1,62000000,-1,-1,-0.05442990183740246,-1,-1,-1,-1,gravitar,4
1124,-1,105.0,-1,-1,64000000,-1,-1,-0.021394412282909638,-1,-1,-1,-1,gravitar,4
1125,-1,20.0,-1,-1,66000000,-1,-1,-0.04813742763654669,-1,-1,-1,-1,gravitar,4
1126,-1,310.0,-1,-1,68000000,-1,-1,0.043103448275862065,-1,-1,-1,-1,gravitar,4
1127,-1,60.0,-1,-1,70000000,-1,-1,-0.035552479234835135,-1,-1,-1,-1,gravitar,4
1128,-1,0.0,-1,-1,72000000,-1,-1,-0.05442990183740246,-1,-1,-1,-1,gravitar,4
1129,-1,260.0,-1,-1,74000000,-1,-1,0.027372262773722626,-1,-1,-1,-1,gravitar,4
1130,-1,221.0,-1,-1,0,-1,-1,-0.0009855215292975277,-1,-1,-1,-1,alien,0
1131,-1,140.0,-1,-1,2000000,-1,-1,-0.012724822098871,-1,-1,-1,-1,alien,0
1132,-1,319.0,-1,-1,4000000,-1,-1,0.01321758286351976,-1,-1,-1,-1,alien,0
1133,-1,114.0,-1,-1,6000000,-1,-1,-0.016492992652067422,-1,-1,-1,-1,alien,0
1134,-1,152.0,-1,-1,8000000,-1,-1,-0.010985666458934189,-1,-1,-1,-1,alien,0
1135,-1,356.0,-1,-1,10000000,-1,-1,0.018579979419991594,-1,-1,-1,-1,alien,0
1136,-1,331.0,-1,-1,12000000,-1,-1,0.01495673850345657,-1,-1,-1,-1,alien,0
1137,-1,348.0,-1,-1,14000000,-1,-1,0.017420542326700386,-1,-1,-1,-1,alien,0
1138,-1,190.0,-1,-1,16000000,-1,-1,-0.005478340265800956,-1,-1,-1,-1,alien,0
1139,-1,380.0,-1,-1,18000000,-1,-1,0.022058290699865216,-1,-1,-1,-1,alien,0
1140,-1,352.0,-1,-1,20000000,-1,-1,0.01800026087334599,-1,-1,-1,-1,alien,0
1141,-1,417.0,-1,-1,22000000,-1,-1,0.027420687256337048,-1,-1,-1,-1,alien,0
1142,-1,274.0,-1,-1,24000000,-1,-1,0.00669574921375672,-1,-1,-1,-1,alien,0
1143,-1,248.0,-1,-1,26000000,-1,-1,0.0029275786605602967,-1,-1,-1,-1,alien,0
1144,-1,334.0,-1,-1,28000000,-1,-1,0.015391527413440773,-1,-1,-1,-1,alien,0
1145,-1,182.0,-1,-1,30000000,-1,-1,-0.006637777359092162,-1,-1,-1,-1,alien,0
1146,-1,366.0,-1,-1,32000000,-1,-1,0.020029275786605603,-1,-1,-1,-1,alien,0
1147,-1,140.0,-1,-1,34000000,-1,-1,-0.012724822098871,-1,-1,-1,-1,alien,0
1148,-1,438.0,-1,-1,36000000,-1,-1,0.030464209626226466,-1,-1,-1,-1,alien,0
1149,-1,364.0,-1,-1,38000000,-1,-1,0.0197394165132828,-1,-1,-1,-1,alien,0
1150,-1,290.0,-1,-1,40000000,-1,-1,0.009014623400339134,-1,-1,-1,-1,alien,0
1151,-1,361.0,-1,-1,42000000,-1,-1,0.019304627603298596,-1,-1,-1,-1,alien,0
1152,-1,471.0,-1,-1,44000000,-1,-1,0.035246887636052694,-1,-1,-1,-1,alien,0
1153,-1,495.0,-1,-1,46000000,-1,-1,0.038725198915926316,-1,-1,-1,-1,alien,0
1154,-1,550.0,-1,-1,48000000,-1,-1,0.04669632893230337,-1,-1,-1,-1,alien,0
1155,-1,425.0,-1,-1,50000000,-1,-1,0.028580124349628255,-1,-1,-1,-1,alien,0
1156,-1,693.0,-1,-1,52000000,-1,-1,0.0674212669748837,-1,-1,-1,-1,alien,0
1157,-1,793.0,-1,-1,54000000,-1,-1,0.0819142306410238,-1,-1,-1,-1,alien,0
1158,-1,542.0,-1,-1,56000000,-1,-1,0.04553689183901216,-1,-1,-1,-1,alien,0
1159,-1,485.0,-1,-1,58000000,-1,-1,0.03727590254931231,-1,-1,-1,-1,alien,0
1160,-1,522.0,-1,-1,60000000,-1,-1,0.04263829910578414,-1,-1,-1,-1,alien,0
1161,-1,614.0,-1,-1,62000000,-1,-1,0.05597182567863303,-1,-1,-1,-1,alien,0
1162,-1,450.0,-1,-1,64000000,-1,-1,0.03220336526616328,-1,-1,-1,-1,alien,0
1163,-1,453.0,-1,-1,66000000,-1,-1,0.03263815417614748,-1,-1,-1,-1,alien,0
1164,-1,766.0,-1,-1,68000000,-1,-1,0.07800113045116597,-1,-1,-1,-1,alien,0
1165,-1,652.0,-1,-1,70000000,-1,-1,0.06147915187176626,-1,-1,-1,-1,alien,0
1166,-1,632.0,-1,-1,72000000,-1,-1,0.05858055913853824,-1,-1,-1,-1,alien,0
1167,-1,0.0,-1,-1,0,-1,-1,-0.03446378114995604,-1,-1,-1,-1,hero,0
1168,-1,0.0,-1,-1,2000000,-1,-1,-0.03446378114995604,-1,-1,-1,-1,hero,0
1169,-1,75.0,-1,-1,4000000,-1,-1,-0.03194695195205272,-1,-1,-1,-1,hero,0
1170,-1,0.0,-1,-1,6000000,-1,-1,-0.03446378114995604,-1,-1,-1,-1,hero,0
1171,-1,0.0,-1,-1,8000000,-1,-1,-0.03446378114995604,-1,-1,-1,-1,hero,0
1172,-1,0.0,-1,-1,10000000,-1,-1,-0.03446378114995604,-1,-1,-1,-1,hero,0
1173,-1,60.0,-1,-1,12000000,-1,-1,-0.03245031779163339,-1,-1,-1,-1,hero,0
1174,-1,0.0,-1,-1,14000000,-1,-1,-0.03446378114995604,-1,-1,-1,-1,hero,0
1175,-1,112.5,-1,-1,16000000,-1,-1,-0.030688537353101068,-1,-1,-1,-1,hero,0
1176,-1,7.5,-1,-1,18000000,-1,-1,-0.03421209823016571,-1,-1,-1,-1,hero,0
1177,-1,2981.0,-1,-1,20000000,-1,-1,0.065571790036041,-1,-1,-1,-1,hero,0
1178,-1,2415.5,-1,-1,22000000,-1,-1,0.04659489788385001,-1,-1,-1,-1,hero,0
1179,-1,1321.0,-1,-1,24000000,-1,-1,0.009865970455780988,-1,-1,-1,-1,hero,0
1180,-1,3060.0,-1,-1,26000000,-1,-1,0.06822285012449915,-1,-1,-1,-1,hero,0
1181,-1,2902.5,-1,-1,28000000,-1,-1,0.06293750880890218,-1,-1,-1,-1,hero,0
1182,-1,3038.5,-1,-1,30000000,-1,-1,0.06750135908776686,-1,-1,-1,-1,hero,0
1183,-1,185.0,-1,-1,32000000,-1,-1,-0.02825560246179453,-1,-1,-1,-1,hero,0
1184,-1,280.0,-1,-1,34000000,-1,-1,-0.025067618811117,-1,-1,-1,-1,hero,0
1185,-1,3056.5,-1,-1,36000000,-1,-1,0.06810539809526366,-1,-1,-1,-1,hero,0
1186,-1,1098.0,-1,-1,38000000,-1,-1,0.00238259830734847,-1,-1,-1,-1,hero,0
1187,-1,3090.5,-1,-1,40000000,-1,-1,0.06924636066497983,-1,-1,-1,-1,hero,0
1188,-1,2670.0,-1,-1,42000000,-1,-1,0.05513533829540192,-1,-1,-1,-1,hero,0
1189,-1,2987.0,-1,-1,44000000,-1,-1,0.06577313637187325,-1,-1,-1,-1,hero,0
1190,-1,2560.0,-1,-1,46000000,-1,-1,0.051443988805143726,-1,-1,-1,-1,hero,0
1191,-1,2988.0,-1,-1,48000000,-1,-1,0.06580669409451197,-1,-1,-1,-1,hero,0
1192,-1,3022.0,-1,-1,50000000,-1,-1,0.06694765666422814,-1,-1,-1,-1,hero,0
1193,-1,2239.5,-1,-1,52000000,-1,-1,0.0406887386994369,-1,-1,-1,-1,hero,0
1194,-1,2935.0,-1,-1,54000000,-1,-1,0.0640281347946603,-1,-1,-1,-1,hero,0
1195,-1,536.5,-1,-1,56000000,-1,-1,-0.01646006295428767,-1,-1,-1,-1,hero,0
1196,-1,3055.0,-1,-1,58000000,-1,-1,0.0680550615113056,-1,-1,-1,-1,hero,0
1197,-1,3051.5,-1,-1,60000000,-1,-1,0.0679376094820701,-1,-1,-1,-1,hero,0
1198,-1,2522.5,-1,-1,62000000,-1,-1,0.05018557420619207,-1,-1,-1,-1,hero,0
1199,-1,0.0,-1,-1,64000000,-1,-1,-0.03446378114995604,-1,-1,-1,-1,hero,0
1200,-1,1109.5,-1,-1,66000000,-1,-1,0.0027685121176936446,-1,-1,-1,-1,hero,0
1201,-1,3040.0,-1,-1,68000000,-1,-1,0.06755169567172493,-1,-1,-1,-1,hero,0
1202,-1,0.0,-1,-1,70000000,-1,-1,-0.03446378114995604,-1,-1,-1,-1,hero,0
1203,-1,45.0,-1,-1,0,-1,-1,-0.04027183488547697,-1,-1,-1,-1,gravitar,0
1204,-1,80.0,-1,-1,2000000,-1,-1,-0.02926000503397936,-1,-1,-1,-1,gravitar,0
1205,-1,50.0,-1,-1,4000000,-1,-1,-0.03869871633526303,-1,-1,-1,-1,gravitar,0
1206,-1,0.0,-1,-1,6000000,-1,-1,-0.05442990183740246,-1,-1,-1,-1,gravitar,0
1207,-1,230.0,-1,-1,8000000,-1,-1,0.017933551472438962,-1,-1,-1,-1,gravitar,0
1208,-1,205.0,-1,-1,10000000,-1,-1,0.010067958721369242,-1,-1,-1,-1,gravitar,0
1209,-1,20.0,-1,-1,12000000,-1,-1,-0.04813742763654669,-1,-1,-1,-1,gravitar,0
1210,-1,240.0,-1,-1,14000000,-1,-1,0.02107978857286685,-1,-1,-1,-1,gravitar,0
1211,-1,365.0,-1,-1,16000000,-1,-1,0.06040775232821545,-1,-1,-1,-1,gravitar,0
1212,-1,0.0,-1,-1,18000000,-1,-1,-0.05442990183740246,-1,-1,-1,-1,gravitar,0
1213,-1,0.0,-1,-1,20000000,-1,-1,-0.05442990183740246,-1,-1,-1,-1,gravitar,0
1214,-1,430.0,-1,-1,22000000,-1,-1,0.08085829348099673,-1,-1,-1,-1,gravitar,0
1215,-1,135.0,-1,-1,24000000,-1,-1,-0.011955700981625975,-1,-1,-1,-1,gravitar,0
1216,-1,100.0,-1,-1,26000000,-1,-1,-0.022967530833123584,-1,-1,-1,-1,gravitar,0
1217,-1,80.0,-1,-1,28000000,-1,-1,-0.02926000503397936,-1,-1,-1,-1,gravitar,0
1218,-1,0.0,-1,-1,30000000,-1,-1,-0.05442990183740246,-1,-1,-1,-1,gravitar,0
1219,-1,0.0,-1,-1,32000000,-1,-1,-0.05442990183740246,-1,-1,-1,-1,gravitar,0
1220,-1,20.0,-1,-1,34000000,-1,-1,-0.04813742763654669,-1,-1,-1,-1,gravitar,0
1221,-1,40.0,-1,-1,36000000,-1,-1,-0.04184495343569091,-1,-1,-1,-1,gravitar,0
1222,-1,0.0,-1,-1,38000000,-1,-1,-0.05442990183740246,-1,-1,-1,-1,gravitar,0
1223,-1,0.0,-1,-1,40000000,-1,-1,-0.05442990183740246,-1,-1,-1,-1,gravitar,0
1224,-1,155.0,-1,-1,42000000,-1,-1,-0.005663226780770199,-1,-1,-1,-1,gravitar,0
1225,-1,30.0,-1,-1,44000000,-1,-1,-0.0449911905361188,-1,-1,-1,-1,gravitar,0
1226,-1,40.0,-1,-1,46000000,-1,-1,-0.04184495343569091,-1,-1,-1,-1,gravitar,0
1227,-1,0.0,-1,-1,48000000,-1,-1,-0.05442990183740246,-1,-1,-1,-1,gravitar,0
1228,-1,20.0,-1,-1,50000000,-1,-1,-0.04813742763654669,-1,-1,-1,-1,gravitar,0
1229,-1,50.0,-1,-1,52000000,-1,-1,-0.03869871633526303,-1,-1,-1,-1,gravitar,0
1230,-1,265.0,-1,-1,54000000,-1,-1,0.02894538132393657,-1,-1,-1,-1,gravitar,0
1231,-1,485.0,-1,-1,56000000,-1,-1,0.0981625975333501,-1,-1,-1,-1,gravitar,0
1232,-1,20.0,-1,-1,58000000,-1,-1,-0.04813742763654669,-1,-1,-1,-1,gravitar,0
1233,-1,160.0,-1,-1,60000000,-1,-1,-0.004090108230556255,-1,-1,-1,-1,gravitar,0
1234,-1,20.0,-1,-1,62000000,-1,-1,-0.04813742763654669,-1,-1,-1,-1,gravitar,0
1235,-1,390.0,-1,-1,64000000,-1,-1,0.06827334507928517,-1,-1,-1,-1,gravitar,0
1236,-1,30.0,-1,-1,66000000,-1,-1,-0.0449911905361188,-1,-1,-1,-1,gravitar,0
1237,-1,0.0,-1,-1,68000000,-1,-1,-0.05442990183740246,-1,-1,-1,-1,gravitar,0
1238,-1,0.0,-1,-1,70000000,-1,-1,-0.05442990183740246,-1,-1,-1,-1,gravitar,0
1239,-1,0.0,-1,-1,72000000,-1,-1,-0.05442990183740246,-1,-1,-1,-1,gravitar,0
1240,-1,87.5,-1,-1,0,-1,-1,-0.005748207447088653,-1,-1,-1,-1,qbert,4
1241,-1,190.0,-1,-1,2000000,-1,-1,0.001963720083364055,-1,-1,-1,-1,qbert,4
1242,-1,92.5,-1,-1,4000000,-1,-1,-0.005372015860237302,-1,-1,-1,-1,qbert,4
1243,-1,160.0,-1,-1,6000000,-1,-1,-0.0002934294377440547,-1,-1,-1,-1,qbert,4
1244,-1,0.0,-1,-1,8000000,-1,-1,-0.012331560216987307,-1,-1,-1,-1,qbert,4
1245,-1,590.0,-1,-1,10000000,-1,-1,0.032059047031472186,-1,-1,-1,-1,qbert,4
1246,-1,287.5,-1,-1,12000000,-1,-1,0.009299456026965412,-1,-1,-1,-1,qbert,4
1247,-1,0.0,-1,-1,14000000,-1,-1,-0.012331560216987307,-1,-1,-1,-1,qbert,4
1248,-1,242.5,-1,-1,16000000,-1,-1,0.005913731745303247,-1,-1,-1,-1,qbert,4
1249,-1,267.5,-1,-1,18000000,-1,-1,0.007794689679560006,-1,-1,-1,-1,qbert,4
1250,-1,125.0,-1,-1,20000000,-1,-1,-0.002926770545703516,-1,-1,-1,-1,qbert,4
1251,-1,325.0,-1,-1,22000000,-1,-1,0.01212089292835055,-1,-1,-1,-1,qbert,4
1252,-1,250.0,-1,-1,24000000,-1,-1,0.006478019125580275,-1,-1,-1,-1,qbert,4
1253,-1,250.0,-1,-1,26000000,-1,-1,0.006478019125580275,-1,-1,-1,-1,qbert,4
1254,-1,250.0,-1,-1,28000000,-1,-1,0.006478019125580275,-1,-1,-1,-1,qbert,4
1255,-1,255.0,-1,-1,30000000,-1,-1,0.006854210712431626,-1,-1,-1,-1,qbert,4
1256,-1,197.5,-1,-1,32000000,-1,-1,0.0025280074636410826,-1,-1,-1,-1,qbert,4
1257,-1,300.0,-1,-1,34000000,-1,-1,0.01023993499409379,-1,-1,-1,-1,qbert,4
1258,-1,70.0,-1,-1,36000000,-1,-1,-0.007064878001068384,-1,-1,-1,-1,qbert,4
1259,-1,217.5,-1,-1,38000000,-1,-1,0.004032773811046489,-1,-1,-1,-1,qbert,4
1260,-1,130.0,-1,-1,40000000,-1,-1,-0.0025505789588521647,-1,-1,-1,-1,qbert,4
1261,-1,442.5,-1,-1,42000000,-1,-1,0.020961395219357314,-1,-1,-1,-1,qbert,4
1262,-1,587.5,-1,-1,44000000,-1,-1,0.031870951238046515,-1,-1,-1,-1,qbert,4
1263,-1,415.0,-1,-1,46000000,-1,-1,0.018892341491674878,-1,-1,-1,-1,qbert,4
1264,-1,450.0,-1,-1,48000000,-1,-1,0.021525682599634343,-1,-1,-1,-1,qbert,4
1265,-1,425.0,-1,-1,50000000,-1,-1,0.019644724665377585,-1,-1,-1,-1,qbert,4
1266,-1,475.0,-1,-1,52000000,-1,-1,0.0234066405338911,-1,-1,-1,-1,qbert,4
1267,-1,405.0,-1,-1,54000000,-1,-1,0.018139958317972178,-1,-1,-1,-1,qbert,4
1268,-1,545.0,-1,-1,56000000,-1,-1,0.028673322749810024,-1,-1,-1,-1,qbert,4
1269,-1,507.5,-1,-1,58000000,-1,-1,0.025851885848424887,-1,-1,-1,-1,qbert,4
1270,-1,457.5,-1,-1,60000000,-1,-1,0.022089969979911372,-1,-1,-1,-1,qbert,4
1271,-1,642.5,-1,-1,62000000,-1,-1,0.03600905869341138,-1,-1,-1,-1,qbert,4
1272,-1,712.5,-1,-1,64000000,-1,-1,0.041275740909330304,-1,-1,-1,-1,qbert,4
1273,-1,512.5,-1,-1,66000000,-1,-1,0.026228077435276238,-1,-1,-1,-1,qbert,4
1274,-1,742.5,-1,-1,68000000,-1,-1,0.04353289043043841,-1,-1,-1,-1,qbert,4
1275,-1,402.5,-1,-1,70000000,-1,-1,0.0179518625245465,-1,-1,-1,-1,qbert,4
1276,-1,705.0,-1,-1,72000000,-1,-1,0.040711453529053275,-1,-1,-1,-1,qbert,4
1277,-1,417.5,-1,-1,74000000,-1,-1,0.019080437285100556,-1,-1,-1,-1,qbert,4
1278,-1,235.0,-1,-1,76000000,-1,-1,0.00534944436502622,-1,-1,-1,-1,qbert,4
1279,-1,225.0,-1,-1,78000000,-1,-1,0.0045970611913235164,-1,-1,-1,-1,qbert,4
1280,-1,755.0,-1,-1,80000000,-1,-1,0.04447336939756679,-1,-1,-1,-1,qbert,4
1281,-1,350.0,-1,-1,82000000,-1,-1,0.014001850862607308,-1,-1,-1,-1,qbert,4
1282,-1,-5.7,-1,-1,0,-1,-1,0.033422479867326056,-1,-1,-1,-1,pitfall,2
1283,-1,-11.5,-1,-1,2000000,-1,-1,0.03255591579387728,-1,-1,-1,-1,pitfall,2
1284,-1,-0.9,-1,-1,4000000,-1,-1,0.03413963634190435,-1,-1,-1,-1,pitfall,2
1285,-1,-6.8,-1,-1,6000000,-1,-1,0.03325813150856853,-1,-1,-1,-1,pitfall,2
1286,-1,-201.1,-1,-1,8000000,-1,-1,0.004228235048034545,-1,-1,-1,-1,pitfall,2
1287,-1,0.0,-1,-1,10000000,-1,-1,0.034274103180887784,-1,-1,-1,-1,pitfall,2
1288,-1,-5.8,-1,-1,12000000,-1,-1,0.03340753910743901,-1,-1,-1,-1,pitfall,2
1289,-1,-16.9,-1,-1,14000000,-1,-1,0.031749114759976695,-1,-1,-1,-1,pitfall,2
1290,-1,-4.8,-1,-1,16000000,-1,-1,0.03355694670630949,-1,-1,-1,-1,pitfall,2
1291,-1,0.0,-1,-1,18000000,-1,-1,0.034274103180887784,-1,-1,-1,-1,pitfall,2
1292,-1,-32.4,-1,-1,20000000,-1,-1,0.02943329697748428,-1,-1,-1,-1,pitfall,2
1293,-1,-2.0,-1,-1,22000000,-1,-1,0.03397528798314683,-1,-1,-1,-1,pitfall,2
1294,-1,-14.4,-1,-1,24000000,-1,-1,0.032122633757152894,-1,-1,-1,-1,pitfall,2
1295,-1,-28.3,-1,-1,26000000,-1,-1,0.03004586813285324,-1,-1,-1,-1,pitfall,2
1296,-1,-6.0,-1,-1,28000000,-1,-1,0.033377657587664915,-1,-1,-1,-1,pitfall,2
1297,-1,0.0,-1,-1,30000000,-1,-1,0.034274103180887784,-1,-1,-1,-1,pitfall,2
1298,-1,-35.0,-1,-1,32000000,-1,-1,0.029044837220421033,-1,-1,-1,-1,pitfall,2
1299,-1,-3.0,-1,-1,34000000,-1,-1,0.03382588038427635,-1,-1,-1,-1,pitfall,2
1300,-1,-4.0,-1,-1,36000000,-1,-1,0.03367647278540587,-1,-1,-1,-1,pitfall,2
1301,-1,-13.4,-1,-1,38000000,-1,-1,0.03227204135602337,-1,-1,-1,-1,pitfall,2
1302,-1,-18.9,-1,-1,40000000,-1,-1,0.03145029956223574,-1,-1,-1,-1,pitfall,2
1303,-1,-6.8,-1,-1,42000000,-1,-1,0.03325813150856853,-1,-1,-1,-1,pitfall,2
1304,-1,-2.6,-1,-1,44000000,-1,-1,0.03388564342382454,-1,-1,-1,-1,pitfall,2
1305,-1,0.0,-1,-1,46000000,-1,-1,0.034274103180887784,-1,-1,-1,-1,pitfall,2
1306,-1,0.0,-1,-1,48000000,-1,-1,0.034274103180887784,-1,-1,-1,-1,pitfall,2
1307,-1,0.0,-1,-1,50000000,-1,-1,0.034274103180887784,-1,-1,-1,-1,pitfall,2
1308,-1,-5.0,-1,-1,52000000,-1,-1,0.03352706518653539,-1,-1,-1,-1,pitfall,2
1309,-1,-17.3,-1,-1,54000000,-1,-1,0.031689351720428506,-1,-1,-1,-1,pitfall,2
1310,-1,-0.7,-1,-1,56000000,-1,-1,0.03416951786167845,-1,-1,-1,-1,pitfall,2
1311,-1,-3.4,-1,-1,58000000,-1,-1,0.033766117344728154,-1,-1,-1,-1,pitfall,2
1312,-1,-2.7,-1,-1,60000000,-1,-1,0.03387070266393749,-1,-1,-1,-1,pitfall,2
1313,-1,-11.6,-1,-1,62000000,-1,-1,0.032540975033990234,-1,-1,-1,-1,pitfall,2
1314,-1,-78.8,-1,-1,64000000,-1,-1,0.022500784389894075,-1,-1,-1,-1,pitfall,2
1315,-1,136.0,-1,-1,0,-1,-1,-0.09921193103945754,-1,-1,-1,-1,solaris,3
1316,-1,456.0,-1,-1,2000000,-1,-1,-0.07035814758710235,-1,-1,-1,-1,solaris,3
1317,-1,512.0,-1,-1,4000000,-1,-1,-0.0653087354829402,-1,-1,-1,-1,solaris,3
1318,-1,736.0,-1,-1,6000000,-1,-1,-0.04511108706629156,-1,-1,-1,-1,solaris,3
1319,-1,8.0,-1,-1,8000000,-1,-1,-0.11075344442039961,-1,-1,-1,-1,solaris,3
1320,-1,224.0,-1,-1,10000000,-1,-1,-0.09127714059005985,-1,-1,-1,-1,solaris,3
1321,-1,408.0,-1,-1,12000000,-1,-1,-0.07468621510495563,-1,-1,-1,-1,solaris,3
1322,-1,160.0,-1,-1,14000000,-1,-1,-0.0970478972805309,-1,-1,-1,-1,solaris,3
1323,-1,136.0,-1,-1,16000000,-1,-1,-0.09921193103945754,-1,-1,-1,-1,solaris,3
1324,-1,368.0,-1,-1,18000000,-1,-1,-0.07829293803650002,-1,-1,-1,-1,solaris,3
1325,-1,216.0,-1,-1,20000000,-1,-1,-0.09199848517636873,-1,-1,-1,-1,solaris,3
1326,-1,360.0,-1,-1,22000000,-1,-1,-0.0790142826228089,-1,-1,-1,-1,solaris,3
1327,-1,120.0,-1,-1,24000000,-1,-1,-0.10065462021207529,-1,-1,-1,-1,solaris,3
1328,-1,288.0,-1,-1,26000000,-1,-1,-0.08550638389958881,-1,-1,-1,-1,solaris,3
1329,-1,0.0,-1,-1,28000000,-1,-1,-0.11147478900670849,-1,-1,-1,-1,solaris,3
1330,-1,16.0,-1,-1,30000000,-1,-1,-0.11003209983409072,-1,-1,-1,-1,solaris,3
1331,-1,472.0,-1,-1,32000000,-1,-1,-0.06891545841448458,-1,-1,-1,-1,solaris,3
1332,-1,104.0,-1,-1,34000000,-1,-1,-0.10209730938469305,-1,-1,-1,-1,solaris,3
1333,-1,208.0,-1,-1,36000000,-1,-1,-0.09271982976267762,-1,-1,-1,-1,solaris,3
1334,-1,216.0,-1,-1,38000000,-1,-1,-0.09199848517636873,-1,-1,-1,-1,solaris,3
1335,-1,296.0,-1,-1,40000000,-1,-1,-0.08478503931327994,-1,-1,-1,-1,solaris,3
1336,-1,240.0,-1,-1,42000000,-1,-1,-0.08983445141744209,-1,-1,-1,-1,solaris,3
1337,-1,0.0,-1,-1,0,-1,-1,0.0,-1,-1,-1,-1,freeway,2
1338,-1,0.0,-1,-1,2000000,-1,-1,0.0,-1,-1,-1,-1,freeway,2
1339,-1,0.0,-1,-1,4000000,-1,-1,0.0,-1,-1,-1,-1,freeway,2
1340,-1,0.0,-1,-1,6000000,-1,-1,0.0,-1,-1,-1,-1,freeway,2
1341,-1,0.0,-1,-1,8000000,-1,-1,0.0,-1,-1,-1,-1,freeway,2
1342,-1,0.0,-1,-1,10000000,-1,-1,0.0,-1,-1,-1,-1,freeway,2
1343,-1,0.0,-1,-1,12000000,-1,-1,0.0,-1,-1,-1,-1,freeway,2
1344,-1,0.0,-1,-1,14000000,-1,-1,0.0,-1,-1,-1,-1,freeway,2
1345,-1,0.2,-1,-1,16000000,-1,-1,0.006756756756756757,-1,-1,-1,-1,freeway,2
1346,-1,0.0,-1,-1,18000000,-1,-1,0.0,-1,-1,-1,-1,freeway,2
1347,-1,0.0,-1,-1,20000000,-1,-1,0.0,-1,-1,-1,-1,freeway,2
1348,-1,0.0,-1,-1,22000000,-1,-1,0.0,-1,-1,-1,-1,freeway,2
1349,-1,0.0,-1,-1,24000000,-1,-1,0.0,-1,-1,-1,-1,freeway,2
1350,-1,0.0,-1,-1,26000000,-1,-1,0.0,-1,-1,-1,-1,freeway,2
1351,-1,0.0,-1,-1,28000000,-1,-1,0.0,-1,-1,-1,-1,freeway,2
1352,-1,6.9,-1,-1,30000000,-1,-1,0.23310810810810811,-1,-1,-1,-1,freeway,2
1353,-1,0.0,-1,-1,32000000,-1,-1,0.0,-1,-1,-1,-1,freeway,2
1354,-1,0.0,-1,-1,34000000,-1,-1,0.0,-1,-1,-1,-1,freeway,2
1355,-1,0.0,-1,-1,36000000,-1,-1,0.0,-1,-1,-1,-1,freeway,2
1356,-1,0.0,-1,-1,38000000,-1,-1,0.0,-1,-1,-1,-1,freeway,2
1357,-1,0.0,-1,-1,40000000,-1,-1,0.0,-1,-1,-1,-1,freeway,2
1358,-1,0.0,-1,-1,42000000,-1,-1,0.0,-1,-1,-1,-1,freeway,2
1359,-1,0.0,-1,-1,44000000,-1,-1,0.0,-1,-1,-1,-1,freeway,2
1360,-1,0.0,-1,-1,46000000,-1,-1,0.0,-1,-1,-1,-1,freeway,2
1361,-1,0.0,-1,-1,48000000,-1,-1,0.0,-1,-1,-1,-1,freeway,2
1362,-1,0.0,-1,-1,50000000,-1,-1,0.0,-1,-1,-1,-1,freeway,2
1363,-1,0.0,-1,-1,52000000,-1,-1,0.0,-1,-1,-1,-1,freeway,2
1364,-1,0.0,-1,-1,54000000,-1,-1,0.0,-1,-1,-1,-1,freeway,2
1365,-1,0.0,-1,-1,56000000,-1,-1,0.0,-1,-1,-1,-1,freeway,2
1366,-1,0.0,-1,-1,58000000,-1,-1,0.0,-1,-1,-1,-1,freeway,2
1367,-1,0.0,-1,-1,60000000,-1,-1,0.0,-1,-1,-1,-1,freeway,2
1368,-1,0.0,-1,-1,62000000,-1,-1,0.0,-1,-1,-1,-1,freeway,2
1369,-1,0.0,-1,-1,64000000,-1,-1,0.0,-1,-1,-1,-1,freeway,2
1370,-1,0.0,-1,-1,66000000,-1,-1,0.0,-1,-1,-1,-1,freeway,2
1371,-1,0.0,-1,-1,68000000,-1,-1,0.0,-1,-1,-1,-1,freeway,2
1372,-1,0.0,-1,-1,70000000,-1,-1,0.0,-1,-1,-1,-1,freeway,2
